latitude,longitude
45.49819,9.22691
45.48548,9.2022
45.46477,9.21469
45.48466,9.21589
45.45845,9.21128
45.45484,9.20875
45.44111,9.19158
45.48471,9.19634
45.48492,9.19628
45.45472,9.17699
45.48486,9.19624
45.46614,9.14691
45.45767,9.18433
45.50108,9.19839
45.45624,9.20983
45.45313,9.17338
45.46576,9.15724
45.48351,9.23272
45.48655,9.23339
45.45105,9.20812
45.48382,9.1802
45.45974,9.17111
45.48381,9.1803
45.48255,9.23658
45.46653,9.21314
45.44249,9.13388
45.47847,9.18765
45.48756,9.17091
45.49348,9.18486
45.45783,9.17363
45.45616,9.17745
45.44831,9.18887
45.45988,9.18274
45.47158,9.15725
45.46491,9.17985
45.46799,9.21125
45.47806,9.17618
45.44853,9.20662
45.50893,9.20497
45.47432,9.19334
45.46006,9.17669
45.45216,9.18363
45.48502,9.23407
45.4805,9.19086
45.4482,9.20293
45.44712,9.15215
45.4873,9.2097
45.47871,9.14283
45.45616,9.16997
45.4471,9.17803
45.47848,9.18776
45.48041,9.20455
45.45924,9.19255
45.45988,9.18274
45.47802,9.18298
45.4545,9.16708
45.45739,9.21273
45.4837,9.17321
45.43972,9.21339
45.45217,9.1836
45.4521,9.18227
45.4487,9.20657
45.46772,9.15132
45.48874,9.18912
45.4658,9.19331
45.50636,9.19783
45.45604,9.18443
45.52404,9.19259
45.48413,9.19976
45.46669,9.15779
45.47399,9.21301
45.47074,9.12705
45.50605,9.20012
45.45974,9.17111
45.48569,9.20715
45.44111,9.19158
45.50002,9.21415
45.48302,9.16947
45.45217,9.1836
45.47676,9.18529
45.4499,9.1904
45.48119,9.23613
45.48205,9.22881
45.50163,9.20972
45.48568,9.1344
45.48718,9.20047
45.47295,9.16837
45.4521,9.18227
45.4847,9.20624
45.45134,9.16904
45.44453,9.17677
45.45431,9.21087
45.48548,9.21587
45.47399,9.21301
45.4837,9.17321
45.44088,9.14585
45.44722,9.13728
45.4855,9.20599
45.46099,9.155
45.48749,9.15553
45.47038,9.18329
45.47887,9.21674
45.45458,9.22429
45.48611,9.20662
45.46788,9.1784
45.48921,9.14251
45.47704,9.14483
45.46241,9.27726
45.46603,9.18053
45.46241,9.27726
45.46808,9.16441
45.41738,9.26445
45.48401,9.19961
45.4843,9.20465
45.49297,9.15619
45.48481,9.20616
45.50022,9.14627
45.47777,9.14678
45.46241,9.27726
45.48624,9.20674
45.46241,9.27726
45.4903,9.19487
45.46815,9.17393
45.48445,9.2046
45.46241,9.27726
45.51618,9.18889
45.48534,9.20634
45.47886,9.20337
45.45211,9.24131
45.48369,9.18522
45.48428,9.20469
45.46241,9.27726
45.44569,9.16179
45.4864,9.21533
45.46191,9.15703
45.49529,9.18939
45.45712,9.17069
45.49559,9.16347
45.45101,9.19769
45.48637,9.20711
45.46241,9.27726
45.46749,9.21122
45.47165,9.14361
45.48217,9.20485
45.50254,9.19749
45.48366,9.18526
45.46926,9.19009
45.49815,9.09948
45.48023,9.17487
45.44887,9.2032
45.49189,9.21204
45.45075,9.20338
45.47837,9.1704
45.48155,9.1599
45.48573,9.20727
45.51922,9.21311
45.44368,9.18446
45.48484,9.20625
45.48404,9.20433
45.4677,9.15094
45.4844,9.15349
45.49673,9.14716
45.46353,9.16976
45.47651,9.19513
45.48475,9.20626
45.47317,9.22395
45.50067,9.14684
45.43207,9.1991
45.46967,9.22663
45.46962,9.19992
45.46437,9.16769
45.48683,9.2009
45.45898,9.18782
45.444,9.18249
45.45034,9.1514
45.48544,9.20707
45.48419,9.20047
45.48482,9.20643
45.44282,9.17184
45.44991,9.19561
45.48872,9.20018
45.48471,9.20619
45.4829,9.1437
45.48707,9.13127
45.50702,9.16797
45.48733,9.20085
45.4472,9.14373
45.47158,9.13928
45.47223,9.16703
45.4874,9.2036
45.49859,9.15307
45.45057,9.20256
45.48437,9.20453
45.48021,9.17099
45.48801,9.17189
45.48421,9.20449
45.47723,9.19189
45.46602,9.1887
45.43523,9.23616
45.48418,9.20449
45.46212,9.1354
45.47334,9.21874
45.4614,9.19122
45.44528,9.21337
45.41315,9.17518
45.46376,9.13846
45.47976,9.19136
45.47091,9.22966
45.47352,9.14952
45.44879,9.22077
45.4857,9.20728
45.48428,9.2045
45.48165,9.16766
45.48224,9.23937
45.48421,9.20471
45.46184,9.1893
45.48427,9.20471
45.4695,9.19986
45.46832,9.15217
45.48077,9.19376
45.47621,9.14431
45.47114,9.20171
45.43751,9.23287
45.48511,9.20721
45.49153,9.16194
45.48672,9.18585
45.48201,9.1592
45.49491,9.17298
45.49825,9.13401
45.45538,9.21412
45.46177,9.20458
45.49554,9.18143
45.45982,9.20273
45.46815,9.16077
45.46153,9.20227
45.50714,9.18583
45.45747,9.1509
45.46113,9.20681
45.46317,9.19936
45.48543,9.20709
45.46037,9.17516
45.46688,9.16964
45.48543,9.20708
45.48599,9.20765
45.47978,9.1913
45.48432,9.20456
45.47516,9.21795
45.50284,9.16085
45.45803,9.24231
45.4356,9.18586
45.45425,9.19503
45.46695,9.16821
45.48198,9.15607
45.48455,9.20604
45.48424,9.20452
45.48539,9.20702
45.48097,9.19095
45.44879,9.22077
45.43793,9.16595
45.46513,9.16822
45.47479,9.18175
45.51252,9.12709
45.48503,9.16925
45.48453,9.21878
45.46201,9.22417
45.48541,9.20623
45.48438,9.20465
45.48476,9.14325
45.46227,9.21865
45.47481,9.22117
45.46682,9.18368
45.44921,9.21171
45.47714,9.19995
45.48455,9.2048
45.47137,9.19218
45.45935,9.1905
45.48374,9.22652
45.45735,9.22054
45.47067,9.19234
45.46113,9.20231
45.48235,9.20497
45.43315,9.19792
45.46892,9.16562
45.49696,9.2111
45.48169,9.18942
45.4676,9.21979
45.49775,9.16753
45.45618,9.21919
45.47715,9.19395
45.46546,9.21975
45.4527,9.15518
45.48252,9.18619
45.47006,9.16529
45.46913,9.22311
45.43813,9.17508
45.45136,9.16143
45.48418,9.20679
45.4939,9.15574
45.45257,9.18873
45.48547,9.18995
45.48818,9.21201
45.46652,9.18107
45.46534,9.18225
45.46695,9.1683
45.46648,9.18909
45.47652,9.18844
45.48735,9.20369
45.46766,9.19447
45.46553,9.21609
45.49722,9.19761
45.46065,9.19137
45.46444,9.19802
45.45815,9.1339
45.48532,9.20653
45.4599,9.09941
45.44481,9.14627
45.45747,9.1509
45.4438,9.18168
45.45993,9.20274
45.49886,9.1038
45.46093,9.21279
45.49752,9.16813
45.46136,9.17983
45.4805,9.1185
45.46611,9.18223
45.48524,9.2067
45.48411,9.20469
45.44744,9.17854
45.45458,9.22429
45.48859,9.23435
45.44916,9.1888
45.46241,9.27726
45.43819,9.21977
45.46368,9.1672
45.44772,9.18328
45.46931,9.22198
45.48477,9.20542
45.48573,9.19897
45.49491,9.1409
45.476,9.19197
45.46995,9.14928
45.45034,9.1514
45.45128,9.1617
45.47091,9.20146
45.458,9.13371
45.46931,9.17134
45.44062,9.18508
45.46099,9.19874
45.48016,9.19577
45.47334,9.22684
45.49559,9.16347
45.43464,9.2413
45.4753,9.15653
45.4617,9.16118
45.47071,9.19758
45.46677,9.19812
45.50254,9.19749
45.46927,9.21093
45.44066,9.19968
45.46201,9.22417
45.46651,9.19541
45.44892,9.18655
45.4699,9.16132
45.4332,9.18064
45.47326,9.18742
45.45944,9.20607
45.49318,9.21456
45.48736,9.16139
45.48704,9.20308
45.49303,9.15701
45.47927,9.17494
45.4606,9.1519
45.47832,9.19813
45.4647,9.17824
45.47091,9.19504
45.49735,9.16466
45.44857,9.12427
45.47927,9.22956
45.45876,9.19085
45.47153,9.15985
45.46386,9.18515
45.44836,9.1903
45.47571,9.18944
45.45113,9.16553
45.40161,9.14651
45.47286,9.1869
45.48201,9.2212
45.48463,9.20596
45.45632,9.16216
45.48475,9.20605
45.51051,9.21068
45.47254,9.20307
45.44911,9.11924
45.46448,9.16011
45.49117,9.1924
45.45975,9.17749
45.44921,9.21171
45.50198,9.17558
45.49142,9.16176
45.46177,9.20458
45.47571,9.18944
45.49303,9.15701
45.4604,9.18403
45.45944,9.20607
45.45096,9.1595
45.46376,9.23334
45.48379,9.18025
45.46314,9.15252
45.46651,9.19541
45.47115,9.16556
45.48818,9.21201
45.50067,9.14684
45.44814,9.21603
45.48885,9.1547
45.46201,9.22417
45.4354,9.20073
45.43787,9.18291
45.48517,9.21576
45.49803,9.15053
45.4672,9.14855
45.45876,9.19085
45.45904,9.13306
45.43796,9.17808
45.47029,9.22898
45.47715,9.19395
45.4915,9.16191
45.47074,9.22464
45.49551,9.21611
45.48366,9.18526
45.49565,9.12929
45.43915,9.18013
45.47425,9.22922
45.46181,9.18167
45.49395,9.16541
45.43869,9.16481
45.48246,9.16876
45.44655,9.18732
45.46136,9.17983
45.43619,9.20605
45.49491,9.1409
45.4647,9.17824
45.44871,9.21365
45.48726,9.19854
45.46688,9.16964
45.476,9.19197
45.45975,9.17749
45.46892,9.16562
45.43315,9.19792
45.43364,9.17778
45.46448,9.16011
45.50497,9.12539
45.51618,9.18889
45.49836,9.14137
45.48394,9.18024
45.47326,9.18742
45.48397,9.18009
45.4714,9.16344
45.46098,9.22786
45.49277,9.15929
45.51838,9.22649
45.46022,9.14167
45.50147,9.17804
45.46736,9.22583
45.49892,9.23787
45.45124,9.16897
45.46641,9.22378
45.4594,9.21759
45.44895,9.13094
45.48857,9.15469
45.46386,9.18515
45.46192,9.14302
45.46287,9.16488
45.48677,9.23638
45.48712,9.15252
45.49202,9.15065
45.48736,9.16139
45.45117,9.16897
45.47317,9.22395
45.47801,9.14105
45.48109,9.22629
45.43377,9.17876
45.48475,9.20626
45.49867,9.153
45.44715,9.14544
45.47482,9.24804
45.44481,9.14627
45.47678,9.22367
45.49143,9.15698
45.45103,9.15931
45.47927,9.22956
45.44772,9.18328
45.46277,9.13889
45.46113,9.20231
45.45815,9.1339
45.49693,9.22485
45.48169,9.18942
45.45954,9.21177
45.47307,9.22389
45.48235,9.20497
45.46314,9.13336
45.48217,9.20485
45.43513,9.19821
45.47334,9.22684
45.45747,9.1509
45.4635,9.22162
45.46241,9.27726
45.47267,9.22855
45.44135,9.22125
45.49752,9.16813
45.45715,9.21938
45.43855,9.1531
45.43926,9.18669
45.46931,9.13723
45.45572,9.24897
45.44892,9.18655
45.48735,9.20369
45.4699,9.16132
45.46513,9.16822
45.49897,9.14616
45.48432,9.20456
45.48628,9.15887
45.48704,9.20308
45.46791,9.2201
45.48528,9.21573
45.48463,9.20596
45.48511,9.21566
45.48497,9.16915
45.46677,9.19812
45.45016,9.2414
45.4852,9.16894
45.48051,9.19083
45.48235,9.18765
45.47091,9.20146
45.47479,9.18175
45.49546,9.1812
45.50593,9.16102
45.46294,9.17179
45.49578,9.21653
45.45598,9.21989
45.44709,9.18707
45.4339,9.17972
45.50762,9.2007
45.44338,9.1801
45.46072,9.22634
45.47652,9.18844
45.458,9.13371
45.44711,9.2162
45.44348,9.12663
45.49326,9.16245
45.52087,9.21523
45.4457,9.16487
45.4472,9.14373
45.48437,9.20453
45.49775,9.16753
45.48495,9.16877
45.46652,9.18107
45.4438,9.18168
45.48049,9.19087
45.46682,9.18368
45.46808,9.16441
45.49485,9.13438
45.4607,9.14266
45.47332,9.13919
45.48529,9.16895
45.46241,9.27726
45.46371,9.16414
45.49317,9.15909
45.48521,9.21566
45.48401,9.19961
45.43906,9.1724
45.50118,9.13517
45.47006,9.16529
45.49228,9.14895
45.46815,9.16077
45.43692,9.21528
45.44061,9.22036
45.49189,9.22979
45.44666,9.18737
45.49859,9.15307
45.46176,9.19346
45.4676,9.21979
45.46437,9.16769
45.48573,9.19897
45.44062,9.18508
45.48683,9.2009
45.43833,9.18544
45.46788,9.1784
45.47315,9.15969
45.43444,9.19752
45.48369,9.18522
45.444,9.18249
45.44547,9.16196
45.49017,9.17232
45.451,9.1598
45.49977,9.22
45.48419,9.20047
45.46241,9.27726
45.43207,9.1991
45.49153,9.16194
45.49559,9.16347
45.47091,9.23175
45.49784,9.19156
45.46766,9.19447
45.43819,9.21977
45.47777,9.14678
45.50296,9.16155
45.48438,9.20465
45.48548,9.21587
45.4753,9.15653
45.44614,9.16026
45.48906,9.15962
45.49541,9.1812
45.44397,9.15503
45.40417,9.13119
45.43603,9.18544
45.48536,9.16875
45.50019,9.22583
45.45993,9.20274
45.49704,9.21146
45.46066,9.22864
45.492,9.15849
45.48224,9.23937
45.45618,9.21919
45.47153,9.15985
45.5097,9.2301
45.46546,9.21975
45.44595,9.24139
45.43716,9.16143
45.4481,9.12741
45.48521,9.21575
45.47091,9.19504
45.48573,9.20727
45.47316,9.15651
45.46695,9.16821
45.48404,9.20433
45.45587,9.22064
45.45982,9.20273
45.48478,9.21103
45.48172,9.25132
45.48428,9.2045
45.43464,9.2413
45.5043,9.21185
45.4671,9.13965
45.49585,9.21614
45.46967,9.22663
45.44433,9.1535
45.46241,9.27726
45.46323,9.22155
45.4892,9.15953
45.46241,9.27726
45.50485,9.22903
45.45743,9.1483
45.46328,9.13492
45.50401,9.14723
45.48716,9.216
45.48558,9.16864
45.42533,9.17671
45.44524,9.18388
45.49761,9.23965
45.50031,9.18312
45.49589,9.21725
45.48859,9.23435
45.4786,9.13453
45.49462,9.22986
45.45735,9.22054
45.48607,9.20659
45.50626,9.17508
45.48487,9.19616
45.45591,9.22088
45.47254,9.19259
45.51353,9.2223
45.48421,9.20449
45.48517,9.21574
45.4876,9.20228
45.49068,9.23261
45.48888,9.24181
45.49318,9.21456
45.45597,9.22097
45.48585,9.20737
45.48583,9.20733
45.48524,9.2067
45.44569,9.16179
45.4599,9.09941
45.48016,9.19577
45.48424,9.20452
45.48481,9.20616
45.49196,9.15804
45.48531,9.16886
45.46212,9.1354
45.48534,9.20634
45.48532,9.20653
45.49153,9.15743
45.43732,9.15671
45.53243,9.23088
45.48967,9.15923
45.46241,9.27726
45.50408,9.09718
45.47978,9.1913
45.50644,9.10013
45.49554,9.18143
45.51912,9.17298
45.46241,9.27726
45.48496,9.20656
45.46241,9.27726
45.44106,9.15928
45.48484,9.20625
45.43966,9.22525
45.46241,9.27726
45.44356,9.224
45.43198,9.17768
45.47726,9.14528
45.46534,9.18225
45.50371,9.24559
45.47719,9.14533
45.4614,9.19122
45.46241,9.27726
45.47226,9.15557
45.47314,9.15595
45.4381,9.21969
45.44829,9.18877
45.50695,9.18691
45.48482,9.20643
45.51922,9.21311
45.4829,9.1437
45.48476,9.14325
45.5059,9.22728
45.47823,9.10187
45.4939,9.15574
45.44428,9.14022
45.42307,9.16752
45.50636,9.10018
45.46241,9.27726
45.43893,9.17477
45.43318,9.17768
45.43931,9.17521
45.43996,9.12867
45.46328,9.13424
45.49464,9.22197
45.41518,9.20748
45.46648,9.18909
45.45053,9.18732
45.47234,9.16018
45.4722,9.12674
45.47299,9.12678
45.43966,9.14558
45.48403,9.14261
45.48417,9.14051
45.48126,9.11879
45.48921,9.14251
45.48513,9.20217
45.4577,9.22421
45.44264,9.2239
45.41315,9.17518
45.48707,9.13127
45.48541,9.20623
45.48418,9.20449
45.47806,9.18268
45.47797,9.22388
45.46732,9.23433
45.47673,9.2301
45.4407,9.17134
45.48099,9.19099
45.43978,9.18173
45.47623,9.20185
45.47074,9.21162
45.48121,9.18484
45.50829,9.17335
45.44632,9.1562
45.46926,9.21329
45.46926,9.17606
45.47847,9.22252
45.5014,9.1823
45.47886,9.20337
45.45632,9.16216
45.4669,9.17256
45.46628,9.17019
45.48728,9.20764
45.48533,9.20648
45.46413,9.2188
45.44865,9.19717
45.47095,9.20167
45.44036,9.19444
45.45753,9.22049
45.47158,9.1576
45.46177,9.20458
45.43793,9.17674
45.46515,9.19824
45.43964,9.18611
45.46761,9.16015
45.46497,9.203
45.4713,9.14747
45.43523,9.23617
45.46001,9.17759
45.46461,9.22145
45.46587,9.1933
45.45228,9.18695
45.44406,9.17131
45.4417,9.14895
45.45268,9.19639
45.47715,9.19395
45.48419,9.20682
45.47296,9.18831
45.47192,9.22364
45.45755,9.1588
45.47508,9.12661
45.466,9.18799
45.45692,9.18447
45.43918,9.18182
45.49155,9.1833
45.46721,9.19242
45.4999,9.13651
45.47076,9.12689
45.46019,9.16102
45.47074,9.22464
45.44743,9.21327
45.43321,9.18161
45.49564,9.20125
45.49395,9.16541
45.51747,9.18853
45.45685,9.18437
45.48085,9.18536
45.47724,9.14602
45.50053,9.1107
45.44812,9.18761
45.47063,9.20381
45.46453,9.16794
45.46349,9.16992
45.47017,9.20061
45.46098,9.17579
45.46296,9.165
45.48455,9.20604
45.46191,9.2095
45.47084,9.21795
45.44972,9.16543
45.47502,9.19682
45.51017,9.21081
45.48394,9.18024
45.4858,9.16779
45.44494,9.14622
45.44587,9.17275
45.44929,9.18914
45.47254,9.20307
45.4967,9.12722
45.47433,9.18709
45.46296,9.22152
45.44066,9.19968
45.47483,9.14446
45.48793,9.15981
45.50659,9.17442
45.48461,9.19793
45.48502,9.19475
45.46595,9.16193
45.46816,9.17376
45.45445,9.16478
45.49073,9.20293
45.47671,9.22555
45.48476,9.20628
45.45685,9.18437
45.4818,9.20182
45.47482,9.1601
45.46431,9.22376
45.46333,9.15489
45.47154,9.12608
45.46419,9.20885
45.49855,9.13024
45.48329,9.1982
45.49814,9.13396
45.47543,9.15785
45.46233,9.16742
45.48818,9.21201
45.46871,9.17236
45.45383,9.16378
45.46764,9.17896
45.44852,9.18641
45.44986,9.19569
45.48517,9.21897
45.48902,9.21757
45.48458,9.20619
45.44288,9.20125
45.48425,9.20443
45.44439,9.1497
45.48852,9.19521
45.49495,9.21587
45.47811,9.14656
45.44837,9.18992
45.44249,9.15611
45.47721,9.18864
45.47932,9.18636
45.46858,9.15882
45.46645,9.21134
45.47886,9.20337
45.46092,9.21116
45.49003,9.19015
45.48037,9.19615
45.44887,9.24755
45.48945,9.19452
45.48235,9.20497
45.45523,9.16235
45.46047,9.1781
45.43662,9.20668
45.47689,9.23398
45.44972,9.16594
45.43924,9.19283
45.47223,9.22352
45.46574,9.15502
45.46083,9.16021
45.44338,9.1801
45.4714,9.16344
45.46497,9.203
45.46786,9.18743
45.5108,9.2067
45.449,9.21711
45.44825,9.22237
45.46,9.15311
45.4526,9.1655
45.49312,9.18212
45.48704,9.21022
45.48511,9.21566
45.48703,9.1654
45.47198,9.18335
45.50121,9.16081
45.46928,9.17777
45.45373,9.16378
45.47652,9.18844
45.47771,9.18264
45.45292,9.16425
45.45561,9.23127
45.45221,9.18222
45.46694,9.15518
45.46977,9.20006
45.4813,9.19154
45.43963,9.2056
45.48497,9.16915
45.46554,9.21384
45.48302,9.15775
45.48959,9.19458
45.50005,9.16214
45.48237,9.18755
45.44804,9.20484
45.47296,9.18831
45.50048,9.18781
45.48143,9.17032
45.46785,9.16077
45.40172,9.14651
45.47385,9.16398
45.48184,9.20397
45.46277,9.13889
45.43546,9.23712
45.47086,9.15587
45.49011,9.15501
45.49174,9.18981
45.45308,9.16421
45.48942,9.2143
45.49228,9.14895
45.47898,9.14538
45.46427,9.1833
45.45294,9.18431
45.44048,9.14747
45.47284,9.20445
45.4631,9.19642
45.48109,9.22629
45.46539,9.21289
45.46669,9.18334
45.49133,9.18803
45.48235,9.20497
45.47139,9.22315
45.45026,9.21448
45.45654,9.17739
45.41637,9.26418
45.49492,9.18365
45.45092,9.16867
45.47657,9.19463
45.46071,9.15472
45.48674,9.23002
45.43523,9.23617
45.4664,9.18103
45.44825,9.18898
45.47242,9.19267
45.45275,9.18606
45.4731,9.1892
45.48878,9.21052
45.49044,9.20337
45.43933,9.21215
45.46241,9.27726
45.46574,9.15502
45.48735,9.20369
45.44809,9.20915
45.49897,9.14616
45.47067,9.14767
45.48495,9.16877
45.50002,9.21195
45.49907,9.18167
45.45308,9.15943
45.47843,9.18783
45.46816,9.17376
45.45364,9.18984
45.4665,9.17511
45.45126,9.16122
45.46564,9.18806
45.47682,9.20063
45.47292,9.1594
45.49567,9.14338
45.50048,9.18781
45.46766,9.19447
45.48562,9.20605
45.47528,9.18615
45.45997,9.16627
45.4537,9.18982
45.46645,9.21134
45.47192,9.22364
45.46589,9.18804
45.45848,9.18303
45.46248,9.20261
45.46403,9.20323
45.48164,9.1885
45.46799,9.14779
45.48556,9.2095
45.48684,9.15492
45.4455,9.17475
45.46696,9.16836
45.46253,9.19705
45.47624,9.14411
45.43603,9.18544
45.46595,9.16193
45.44541,9.17441
45.46084,9.1969
45.49326,9.16245
45.45378,9.16377
45.44458,9.16744
45.48511,9.21553
45.46412,9.22064
45.43478,9.21983
45.44389,9.15194
45.48457,9.20589
45.50128,9.1465
45.48274,9.18093
45.46136,9.17493
45.49029,9.15148
45.47666,9.14423
45.47157,9.1831
45.45806,9.20141
45.46414,9.17378
45.46686,9.15217
45.45989,9.15459
45.46461,9.15855
45.46177,9.19339
45.45322,9.16414
45.47724,9.18855
45.48495,9.16877
45.46166,9.18163
45.47266,9.20057
45.46,9.15311
45.47255,9.14857
45.47086,9.15587
45.46669,9.17242
45.46481,9.16202
45.44115,9.1727
45.49026,9.18786
45.45373,9.16378
45.44027,9.22341
45.46285,9.20732
45.46453,9.20504
45.49538,9.22111
45.4702,9.20274
45.46044,9.17171
45.45908,9.13307
45.4611,9.20349
45.49527,9.17699
45.45396,9.16339
45.47274,9.15229
45.47366,9.19491
45.4603,9.20593
45.46655,9.18301
45.47538,9.18548
45.45769,9.16855
45.4825,9.14423
45.46047,9.1781
45.46935,9.17777
45.49312,9.18212
45.44449,9.2045
45.44336,9.22108
45.44807,9.20429
45.48197,9.23212
45.44734,9.20069
45.46653,9.20459
45.45779,9.17642
45.44804,9.20484
45.44767,9.16747
45.45076,9.21202
45.49784,9.19156
45.48274,9.18093
45.48402,9.20424
45.49058,9.20332
45.43802,9.19289
45.46065,9.22492
45.47626,9.14412
45.46326,9.16579
45.46923,9.13806
45.49559,9.16347
45.47539,9.18716
45.45294,9.18431
45.44448,9.16584
45.46885,9.17841
45.46094,9.21088
45.46774,9.17849
45.48374,9.1848
45.48852,9.2019
45.47296,9.18831
45.46144,9.17481
45.46262,9.1638
45.46046,9.14409
45.43419,9.24278
45.48288,9.18993
45.44989,9.15077
45.4955,9.14466
45.49155,9.16656
45.44653,9.15049
45.46982,9.16359
45.46159,9.15079
45.4534,9.15936
45.48107,9.20668
45.47791,9.21938
45.48087,9.18526
45.50048,9.18781
45.48917,9.1849
45.4647,9.20735
45.47093,9.20165
45.43924,9.18665
45.44809,9.20915
45.4467,9.17278
45.45966,9.16079
45.47142,9.15778
45.478,9.19403
45.47312,9.19608
45.4463,9.21401
45.47802,9.16773
45.45006,9.17244
45.46761,9.19432
45.44115,9.1727
45.45753,9.22049
45.46993,9.16197
45.45512,9.15443
45.46398,9.16837
45.46026,9.1711
45.45461,9.19
45.44968,9.17317
45.45876,9.21008
45.47157,9.16833
45.47718,9.19403
45.46315,9.19632
45.47213,9.1581
45.46776,9.22707
45.49022,9.18304
45.45979,9.17992
45.45793,9.21024
45.45796,9.16973
45.47065,9.20493
45.46192,9.14302
45.46528,9.18858
45.45284,9.16778
45.48879,9.1715
45.48455,9.20604
45.48359,9.20426
45.45644,9.17328
45.46157,9.17476
45.44634,9.15272
45.49915,9.21104
45.45756,9.18401
45.46092,9.16318
45.46916,9.18703
45.48775,9.21065
45.46107,9.15212
45.44274,9.2094
45.49074,9.18905
45.4673,9.17565
45.46407,9.20736
45.46315,9.18246
45.47141,9.21019
45.47694,9.21276
45.45367,9.20363
45.46461,9.22145
45.47313,9.18932
45.47538,9.18548
45.50062,9.22519
45.51251,9.21279
45.48284,9.19987
45.47601,9.19387
45.48271,9.21329
45.47046,9.20312
45.49785,9.13118
45.46285,9.20732
45.46912,9.21477
45.47423,9.20656
45.44302,9.21247
45.46159,9.15079
45.48847,9.13842
45.43607,9.1855
45.46966,9.20295
45.48517,9.21574
45.489,9.22894
45.46833,9.16274
45.46659,9.21025
45.45735,9.22054
45.47254,9.20307
45.472,9.16634
45.48478,9.21103
45.4604,9.20768
45.44922,9.18212
45.46075,9.20827
45.4794,9.17501
45.48425,9.20443
45.48229,9.16863
45.46166,9.19248
45.50626,9.17508
45.49694,9.21211
45.49878,9.12946
45.4584,9.18775
45.44323,9.16491
45.48423,9.16358
45.46241,9.27726
45.46668,9.16787
45.46893,9.19661
45.45701,9.18737
45.45351,9.15927
45.48201,9.1474
45.48374,9.20658
45.47474,9.18679
45.45173,9.15626
45.45591,9.22088
45.46881,9.19648
45.5005,9.16155
45.48086,9.22521
45.46897,9.18456
45.47917,9.20784
45.47274,9.20334
45.49955,9.20553
45.47666,9.16574
45.46503,9.17454
45.46317,9.18242
45.44479,9.17924
45.44258,9.19804
45.47031,9.18343
45.50137,9.18526
45.47796,9.20008
45.49086,9.18694
45.46412,9.22064
45.49242,9.14826
45.46661,9.13706
45.45612,9.20879
45.46902,9.18482
45.48402,9.20424
45.47671,9.21093
45.46943,9.17213
45.43839,9.1845
45.43646,9.19667
45.48562,9.20605
45.47874,9.18456
45.46728,9.21475
45.48619,9.19484
45.46669,9.17242
45.47826,9.23426
45.43876,9.19611
45.47021,9.1826
45.4383,9.2059
45.45796,9.16973
45.47097,9.23563
45.48768,9.17097
45.46274,9.20444
45.50022,9.2118
45.45862,9.16734
45.44939,9.18848
45.4578,9.19905
45.45031,9.22084
45.45575,9.20455
45.48451,9.20573
45.49571,9.18788
45.4755,9.15894
45.44659,9.15051
45.44676,9.15901
45.47441,9.19497
45.46322,9.17945
45.46503,9.20596
45.43758,9.19991
45.45621,9.20891
45.45815,9.18567
45.47796,9.20008
45.47819,9.14808
45.4831,9.18314
45.47396,9.20806
45.47255,9.19267
45.45301,9.16057
45.47514,9.18685
45.4782,9.22386
45.48036,9.22222
45.4581,9.20831
45.4947,9.18843
45.48517,9.19788
45.4607,9.22576
45.45631,9.21571
45.46088,9.19322
45.45922,9.1604
45.46968,9.20291
45.48086,9.22521
45.48435,9.1437
45.45365,9.17224
45.47891,9.17447
45.46941,9.17767
45.4769,9.22715
45.47183,9.16807
45.47259,9.19268
45.4457,9.17682
45.49237,9.14897
45.45304,9.22939
45.50769,9.20166
45.45644,9.17328
45.4837,9.20484
45.47723,9.21479
45.46097,9.19905
45.45395,9.17431
45.47141,9.21019
45.48189,9.18888
45.45435,9.18855
45.45557,9.16661
45.46449,9.18488
45.47944,9.19658
45.49397,9.14358
45.47316,9.22137
45.46017,9.20253
45.46028,9.17483
45.46968,9.16912
45.46048,9.19112
45.47762,9.1955
45.4706,9.16998
45.44922,9.1891
45.44661,9.15302
45.49143,9.18626
45.47975,9.19421
45.47018,9.18369
45.46866,9.20427
45.45482,9.16058
45.46241,9.27726
45.45316,9.08567
45.47309,9.20559
45.46023,9.17545
45.46028,9.1723
45.45955,9.21273
45.45173,9.15626
45.46982,9.17692
45.4524,9.1339
45.45705,9.20537
45.47779,9.17564
45.46245,9.15825
45.44378,9.17537
45.46965,9.20171
45.48415,9.16341
45.48517,9.19788
45.47874,9.18456
45.45069,9.15784
45.45323,9.16435
45.46659,9.21025
45.45364,9.17813
45.48351,9.20308
45.47389,9.22587
45.46009,9.20368
45.46119,9.20771
45.48768,9.17097
45.50701,9.20383
45.46376,9.19593
45.4604,9.20768
45.47775,9.18327
45.43645,9.19677
45.47741,9.19411
45.47491,9.14614
45.44667,9.16544
45.46961,9.17572
45.46705,9.19401
45.4769,9.22715
45.49519,9.11305
45.48026,9.20004
45.49196,9.14637
45.47538,9.18595
45.50955,9.2054
45.44926,9.19059
45.48255,9.17271
45.45889,9.19149
45.46582,9.18049
45.4828,9.2117
45.48997,9.16669
45.46846,9.20511
45.44368,9.17948
45.46047,9.1781
45.46971,9.20687
45.46341,9.15956
45.47045,9.18423
45.49237,9.14897
45.47087,9.19265
45.44754,9.18132
45.4594,9.19208
45.44824,9.18837
45.46691,9.15948
45.47723,9.16638
45.4835,9.19979
45.44928,9.20708
45.4495,9.18684
45.46589,9.16745
45.44611,9.16478
45.48242,9.21958
45.48177,9.19866
45.48802,9.21916
45.44847,9.2112
45.48882,9.16451
45.47535,9.18554
45.47918,9.22832
45.44841,9.19015
45.47754,9.18865
45.46922,9.20275
45.4943,9.18192
45.46524,9.18476
45.46121,9.19225
45.46166,9.19248
45.48032,9.20035
45.46488,9.18321
45.45515,9.16675
45.46689,9.15603
45.46023,9.17545
45.47076,9.19764
45.47047,9.228
45.47762,9.1955
45.47261,9.18964
45.48558,9.20915
45.49242,9.14826
45.47283,9.18695
45.46618,9.18774
45.45315,9.19212
45.46682,9.15233
45.48013,9.20066
45.47866,9.19901
45.4865,9.20703
45.4753,9.18611
45.48235,9.2252
45.48339,9.17346
45.46002,9.17304
45.49989,9.13007
45.48333,9.22259
45.47226,9.15557
45.47787,9.17571
45.43804,9.18068
45.4808,9.16857
45.47145,9.18274
45.46152,9.18377
45.47314,9.15595
45.43516,9.21967
45.49948,9.12047
45.45421,9.19906
45.48013,9.19608
45.46572,9.19927
45.44783,9.18192
45.48128,9.23535
45.4564,9.14145
45.47891,9.18749
45.45917,9.18782
45.48327,9.15602
45.4686,9.20703
45.44848,9.16908
45.46668,9.16787
45.46065,9.2067
45.47316,9.22137
45.46218,9.20941
45.45765,9.20656
45.45547,9.21086
45.48408,9.19927
45.48162,9.20706
45.46241,9.27726
45.44903,9.18757
45.48988,9.18784
45.47706,9.15007
45.48536,9.1939
45.46367,9.1839
45.44928,9.20708
45.47783,9.19208
45.44951,9.17312
45.47516,9.19692
45.48026,9.20004
45.46145,9.1801
45.46783,9.20976
45.51796,9.21181
45.45294,9.21447
45.47315,9.15969
45.44051,9.21125
45.46557,9.22674
45.47484,9.22151
45.50402,9.16418
45.47521,9.22665
45.45461,9.19
45.46162,9.15718
45.46198,9.18193
45.46863,9.15762
45.45539,9.18992
45.46035,9.16158
45.46931,9.19136
45.46449,9.18488
45.48339,9.17346
45.47142,9.23519
45.47919,9.21895
45.43081,9.20376
45.47274,9.20334
45.48282,9.16582
45.48435,9.17179
45.46221,9.1817
45.47099,9.14616
45.46679,9.1814
45.46603,9.15911
45.47194,9.20051
45.46433,9.18489
45.47093,9.23085
45.45191,9.20056
45.4668,9.22718
45.45876,9.21008
45.4504,9.15629
45.44923,9.21161
45.4848,9.20619
45.45364,9.17813
45.44944,9.18862
45.45113,9.20087
45.47074,9.20916
45.4778,9.21922
45.44887,9.24755
45.46001,9.15186
45.48303,9.21811
45.45246,9.16537
45.48853,9.22986
45.44078,9.17961
45.4955,9.18891
45.48311,9.18517
45.45484,9.14757
45.46406,9.21709
45.46378,9.19594
45.46318,9.14038
45.47081,9.21641
45.45442,9.18392
45.46044,9.20949
45.473,9.23028
45.44618,9.15247
45.49646,9.19315
45.45765,9.20656
45.47198,9.15908
45.44276,9.19365
45.47027,9.19213
45.47083,9.20139
45.48026,9.20004
45.47134,9.16868
45.45644,9.17328
45.46378,9.19594
45.44319,9.21814
45.48955,9.19315
45.49617,9.14208
45.48529,9.19665
45.4692,9.21967
45.4683,9.15895
45.46853,9.17251
45.44538,9.1766
45.46262,9.1638
45.47718,9.19403
45.47729,9.16134
45.49545,9.20112
45.46326,9.16579
45.45378,9.21603
45.46025,9.20349
45.46676,9.15776
45.46241,9.27726
45.45624,9.17769
45.44076,9.21561
45.48032,9.14469
45.47078,9.16617
45.48742,9.20232
45.45342,9.17838
45.45289,9.17016
45.46482,9.15264
45.46274,9.20444
45.47918,9.23438
45.46589,9.16745
45.45917,9.18782
45.47351,9.19496
45.45294,9.21447
45.45484,9.16304
45.47681,9.16612
45.45674,9.15482
45.45608,9.17551
45.46509,9.18189
45.4664,9.18103
45.462,9.20953
45.47249,9.18089
45.44399,9.20874
45.43257,9.20458
45.44746,9.17586
45.47822,9.2195
45.47748,9.17523
45.48593,9.20745
45.46382,9.16872
45.46187,9.19097
45.465,9.20601
45.45873,9.1879
45.4427,9.19365
45.48943,9.15923
45.4921,9.18435
45.4656,9.21745
45.48374,9.18483
45.47544,9.15874
45.47431,9.1899
45.47708,9.19647
45.46669,9.15783
45.43081,9.20376
45.47326,9.21667
45.47554,9.14731
45.44524,9.15579
45.48291,9.18584
45.47315,9.15969
45.47989,9.18645
45.46858,9.19915
45.48437,9.20451
45.48541,9.20623
45.45999,9.17382
45.48053,9.21396
45.48195,9.21159
45.46307,9.1334
45.44423,9.15338
45.47556,9.14758
45.49102,9.18605
45.48562,9.20605
45.44777,9.19884
45.49379,9.20596
45.47104,9.15243
45.47783,9.19208
45.47301,9.22752
45.43538,9.20073
45.45507,9.15934
45.46761,9.21235
45.46872,9.2071
45.46364,9.22153
45.46072,9.16293
45.47315,9.15742
45.46191,9.20216
45.47803,9.16768
45.46777,9.15998
45.48834,9.21476
45.46433,9.15402
45.46439,9.15385
45.49023,9.21356
45.48177,9.19866
45.49031,9.18358
45.45415,9.21306
45.48445,9.2064
45.46357,9.20963
45.49239,9.21849
45.49226,9.14532
45.46145,9.1801
45.46818,9.1655
45.45046,9.18733
45.44183,9.1809
45.46902,9.18482
45.47044,9.20012
45.44714,9.182
45.44474,9.18252
45.44705,9.20372
45.478,9.19403
45.48215,9.22644
45.45342,9.17838
45.46048,9.19112
45.46885,9.17841
45.46598,9.20383
45.46035,9.16158
45.46168,9.18955
45.47522,9.18924
45.43743,9.19859
45.44842,9.1447
45.46241,9.27726
45.46715,9.1758
45.45712,9.18535
45.46406,9.20611
45.44659,9.15051
45.46684,9.20614
45.46649,9.20927
45.44015,9.20794
45.4332,9.18064
45.49224,9.20628
45.45992,9.20274
45.47762,9.1955
45.4622,9.19142
45.47572,9.16485
45.45124,9.16043
45.47082,9.14036
45.4596,9.17933
45.48419,9.20682
45.48921,9.14251
45.45612,9.20879
45.44224,9.19505
45.45326,9.20917
45.4561,9.17766
45.44703,9.19436
45.45602,9.21628
45.48659,9.20334
45.48026,9.20004
45.47427,9.22474
45.48233,9.17169
45.46579,9.17501
45.46503,9.17454
45.47546,9.20353
45.46326,9.13422
45.46079,9.14248
45.47594,9.16611
45.47286,9.19674
45.4844,9.21989
45.46574,9.16798
45.45445,9.15863
45.46231,9.20442
45.44712,9.15701
45.45304,9.21874
45.47755,9.19406
45.47665,9.20537
45.47736,9.16774
45.45693,9.18984
45.47715,9.20148
45.48483,9.20639
45.47333,9.19593
45.45999,9.17382
45.43963,9.19354
45.49196,9.14637
45.46338,9.16704
45.45014,9.20996
45.45551,9.21407
45.47935,9.19662
45.46117,9.17392
45.45299,9.16783
45.50629,9.26808
45.48264,9.19117
45.47248,9.18097
45.4999,9.18356
45.47944,9.19868
45.46239,9.16737
45.48027,9.22101
45.46768,9.17936
45.48291,9.18584
45.4598,9.17008
45.46017,9.15878
45.44173,9.18975
45.46593,9.21046
45.47604,9.16845
45.4667,9.15765
45.4664,9.18103
45.46909,9.18713
45.49326,9.20347
45.49957,9.21075
45.46503,9.23029
45.46406,9.20611
45.47135,9.19224
45.44184,9.19954
45.4596,9.17933
45.49663,9.2305
45.49955,9.14884
45.48493,9.198
45.46062,9.15107
45.48152,9.21441
45.4572,9.19124
45.49787,9.13344
45.45671,9.15464
45.47911,9.17962
45.4669,9.17257
45.48998,9.18514
45.46415,9.14135
45.44777,9.19884
45.46332,9.20043
45.46945,9.21024
45.4375,9.15847
45.46096,9.20945
45.4844,9.23179
45.47359,9.19486
45.47323,9.18936
45.46838,9.12939
45.45385,9.19951
45.46604,9.18797
45.49799,9.20497
45.4585,9.1917
45.46241,9.27726
45.48214,9.2447
45.47575,9.16009
45.46231,9.20442
45.4693,9.21538
45.46643,9.18918
45.47945,9.1987
45.46899,9.19027
45.46378,9.19594
45.46928,9.17777
45.48051,9.19083
45.47628,9.16655
45.46413,9.14147
45.46997,9.19854
45.49642,9.13994
45.49378,9.16531
45.47514,9.21787
45.47581,9.20657
45.44882,9.20169
45.46854,9.19912
45.46401,9.21103
45.46521,9.21167
45.46677,9.1725
45.47113,9.19276
45.48364,9.20309
45.47993,9.2113
45.48819,9.1872
45.45166,9.19899
45.44872,9.18292
45.44319,9.21814
45.46166,9.19684
45.46177,9.19341
45.48023,9.16859
45.4765,9.20581
45.44698,9.22146
45.44876,9.16234
45.46069,9.22779
45.4602,9.18786
45.48026,9.16987
45.44258,9.19804
45.43695,9.19144
45.48766,9.21401
45.44959,9.16495
45.45853,9.15553
45.45554,9.20455
45.48254,9.21499
45.43299,9.24044
45.4956,9.20365
45.46134,9.17773
45.45611,9.20687
45.47257,9.20531
45.46016,9.21046
45.49034,9.14013
45.45714,9.15323
45.48536,9.1939
45.47131,9.19092
45.4865,9.20703
45.44828,9.18931
45.43528,9.18354
45.47604,9.16845
45.45496,9.21047
45.46076,9.22791
45.47733,9.18497
45.47675,9.20982
45.44831,9.13852
45.46413,9.22172
45.44422,9.17249
45.47416,9.15736
45.46369,9.1537
45.45612,9.20879
45.44887,9.17948
45.48921,9.14251
45.46607,9.19227
45.4695,9.17649
45.48218,9.15794
45.50622,9.16321
45.46671,9.22215
45.47202,9.14782
45.45337,9.15937
45.47093,9.20165
45.47551,9.18844
45.4753,9.18611
45.44076,9.21561
45.47669,9.19439
45.47097,9.23358
45.45179,9.16959
45.4702,9.164
45.45621,9.17744
45.48599,9.20765
45.48358,9.1572
45.50925,9.20377
45.46529,9.13277
45.49405,9.18258
45.46555,9.20403
45.441,9.1893
45.45791,9.10271
45.45635,9.17422
45.46711,9.15325
45.51772,9.20418
45.47046,9.20314
45.47601,9.19387
45.46443,9.16224
45.48381,9.16404
45.47295,9.19638
45.47284,9.15919
45.45612,9.17088
45.4601,9.18623
45.48655,9.15941
45.46613,9.18016
45.47154,9.16124
45.47808,9.21035
45.45323,9.16435
45.4648,9.15027
45.47275,9.1865
45.48983,9.17089
45.48808,9.15514
45.46783,9.17493
45.47989,9.18645
45.44957,9.17174
45.46287,9.16987
45.46283,9.1853
45.47993,9.2113
45.47283,9.18691
45.4783,9.19225
45.46024,9.17493
45.46777,9.17862
45.49097,9.20292
45.49379,9.14683
45.46581,9.19927
45.41519,9.2075
45.49538,9.18117
45.47518,9.18634
45.47973,9.19519
45.50779,9.22113
45.44224,9.19505
45.48475,9.15606
45.43956,9.20127
45.48446,9.15557
45.47639,9.20599
45.45247,9.13622
45.46234,9.15045
45.44638,9.14961
45.47762,9.1955
45.47695,9.22954
45.48254,9.21499
45.45497,9.17173
45.46016,9.21046
45.48077,9.19376
45.46658,9.19549
45.47815,9.19221
45.46799,9.2093
45.4921,9.18435
45.46966,9.20295
45.46775,9.17411
45.47909,9.16944
45.46758,9.1354
45.48821,9.22175
45.49133,9.19251
45.46247,9.19075
45.48045,9.1667
45.458,9.17402
45.46561,9.16147
45.47811,9.18288
45.4947,9.18843
45.46748,9.19494
45.4621,9.18189
45.48035,9.17117
45.46339,9.16558
45.50482,9.16387
45.46215,9.16782
45.45504,9.18398
45.48363,9.16139
45.46729,9.16869
45.46982,9.17692
45.47851,9.21006
45.47077,9.16434
45.44376,9.20869
45.47584,9.18846
45.43897,9.18373
45.46295,9.19578
45.49462,9.18315
45.48826,9.18694
45.46672,9.15746
45.48243,9.20525
45.45013,9.19381
45.41904,9.1791
45.478,9.19403
45.44672,9.15018
45.46181,9.18183
45.43163,9.24238
45.48116,9.18202
45.4383,9.2059
45.4395,9.18844
45.44748,9.18068
45.4765,9.20581
45.44606,9.16047
45.48098,9.21463
45.45765,9.15662
45.4885,9.21129
45.46177,9.19341
45.45016,9.19409
45.469,9.18579
45.47626,9.16914
45.4529,9.2042
45.4707,9.19757
45.47597,9.18609
45.47989,9.18645
45.46344,9.2185
45.48476,9.20619
45.4719,9.1578
45.45956,9.20772
45.46428,9.2068
45.48152,9.21441
45.48387,9.16385
45.48939,9.2021
45.46871,9.20415
45.48459,9.21817
45.45805,9.15579
45.50448,9.17263
45.48391,9.15643
45.48334,9.19793
45.46301,9.19609
45.46542,9.16005
45.47283,9.18691
45.46909,9.18713
45.49165,9.14558
45.46309,9.21749
45.48511,9.20694
45.44866,9.20269
45.47206,9.16948
45.4697,9.15879
45.44746,9.17729
45.46774,9.15959
45.46429,9.18456
45.46954,9.20203
45.45464,9.17628
45.47332,9.19075
45.46081,9.1586
45.46953,9.21475
45.46394,9.2033
45.48158,9.1814
45.51166,9.21119
45.46349,9.17753
45.48101,9.2023
45.40699,9.15095
45.46756,9.17332
45.45881,9.20974
45.4569,9.13649
45.44009,9.20793
45.47549,9.18409
45.48327,9.16999
45.49105,9.19709
45.48104,9.16777
45.46824,9.21534
45.46941,9.20303
45.46082,9.21124
45.46669,9.2144
45.43596,9.20437
45.48106,9.22371
45.4648,9.17363
45.47315,9.22138
45.44469,9.1792
45.47929,9.16831
45.49622,9.19414
45.45722,9.1837
45.47322,9.17193
45.45788,9.17246
45.46572,9.1682
45.46789,9.17813
45.4622,9.19346
45.46658,9.19549
45.46652,9.1812
45.46322,9.17945
45.48338,9.20084
45.46889,9.1966
45.47351,9.18982
45.44367,9.19681
45.47594,9.16637
45.47748,9.17268
45.47811,9.18288
45.48032,9.18737
45.4434,9.22969
45.48113,9.22375
45.4866,9.20071
45.50717,9.19833
45.44099,9.19164
45.4861,9.20772
45.50629,9.26808
45.4612,9.15798
45.49452,9.1455
45.47657,9.21094
45.44914,9.18904
45.46075,9.16399
45.4647,9.17885
45.45589,9.2039
45.44171,9.17934
45.47302,9.18881
45.49031,9.183
45.4665,9.18316
45.45168,9.18646
45.4665,9.18902
45.47298,9.19494
45.44994,9.19065
45.46672,9.15746
45.46372,9.20525
45.45849,9.15547
45.48533,9.16151
45.48637,9.20711
45.47425,9.14745
45.47087,9.23295
45.47518,9.18634
45.45432,9.16347
45.46555,9.20403
45.45565,9.2067
45.46607,9.19227
45.45191,9.18626
45.45227,9.16742
45.4666,9.1954
45.48952,9.1891
45.48968,9.16919
45.47306,9.18891
45.46513,9.21469
45.46747,9.20415
45.46424,9.14163
45.43345,9.19888
45.44752,9.18529
45.48381,9.20213
45.46603,9.18864
45.47871,9.21029
45.44978,9.20144
45.48171,9.21482
45.47584,9.17105
45.45995,9.14382
45.46239,9.2063
45.46422,9.22848
45.4806,9.17383
45.48375,9.20301
45.45855,9.18448
45.48086,9.18774
45.45599,9.21049
45.47691,9.20766
45.4792,9.19659
45.45504,9.18398
45.45757,9.18978
45.46195,9.18153
45.46545,9.22149
45.48894,9.15451
45.47683,9.16834
45.47099,9.2295
45.4418,9.16357
45.4518,9.148
45.46941,9.20184
45.47684,9.1606
45.451,9.21862
45.48525,9.20662
45.50103,9.1828
45.47737,9.18498
45.49125,9.24038
45.44341,9.19639
45.47544,9.18445
45.48062,9.17377
45.46807,9.20921
45.48305,9.1849
45.48311,9.23124
45.46537,9.16479
45.47666,9.14828
45.45397,9.17433
45.48373,9.17216
45.45147,9.16185
45.47364,9.19307
45.48257,9.21497
45.44004,9.14608
45.47085,9.22417
45.45306,9.16432
45.46919,9.22256
45.5026,9.16008
45.44976,9.18221
45.46935,9.14569
45.45284,9.19413
45.46977,9.17246
45.45969,9.16756
45.44187,9.18129
45.46541,9.20633
45.4766,9.18609
45.45511,9.16629
45.46283,9.1853
45.47699,9.21041
45.49067,9.15594
45.44963,9.1871
45.4713,9.12988
45.47022,9.18311
45.47604,9.20871
45.46239,9.14575
45.48428,9.17001
45.48656,9.15971
45.4667,9.22301
45.50106,9.16085
45.45277,9.16456
45.45928,9.17884
45.46091,9.20405
45.50948,9.24543
45.46295,9.19578
45.48556,9.2096
45.46018,9.18803
45.4728,9.19632
45.45155,9.18497
45.45316,9.17129
45.44496,9.15512
45.49671,9.20333
45.45437,9.19188
45.45621,9.17744
45.47231,9.15857
45.50619,9.26779
45.4932,9.1848
45.47518,9.18634
45.48233,9.17169
45.4773,9.16671
45.44529,9.17654
45.46323,9.20531
45.47787,9.21926
45.50708,9.23055
45.49023,9.21356
45.47334,9.21922
45.45757,9.1902
45.47766,9.19883
45.46503,9.20124
45.46262,9.22791
45.45741,9.18976
45.44925,9.19046
45.45893,9.19126
45.45893,9.18429
45.44811,9.13867
45.46258,9.19983
45.45213,9.15761
45.47885,9.18426
45.46558,9.145
45.43257,9.20458
45.47302,9.15139
45.44616,9.21423
45.46144,9.18008
45.45306,9.16432
45.50067,9.183
45.46953,9.15857
45.45063,9.19048
45.46288,9.17736
45.47681,9.17414
45.46034,9.20262
45.46954,9.20203
45.45281,9.1645
45.48156,9.18471
45.47868,9.19895
45.46373,9.20525
45.45875,9.17021
45.47549,9.2112
45.47301,9.14883
45.46928,9.21416
45.47821,9.18274
45.47439,9.19177
45.46594,9.18822
45.45433,9.19535
45.44833,9.18947
45.4455,9.15186
45.47782,9.17567
45.44988,9.20782
45.48064,9.18059
45.46214,9.23345
45.47934,9.17505
45.49444,9.18104
45.46831,9.16874
45.45019,9.19038
45.48019,9.17192
45.4957,9.16355
45.45466,9.19828
45.47151,9.17014
45.46962,9.18465
45.47289,9.19136
45.46521,9.21167
45.43683,9.17487
45.44016,9.20904
45.48032,9.18737
45.48271,9.18533
45.44941,9.18853
45.4799,9.16226
45.45115,9.18522
45.46572,9.1682
45.48791,9.19938
45.46551,9.16394
45.46409,9.22515
45.44347,9.19496
45.45706,9.21952
45.46919,9.22256
45.45508,9.15487
45.45482,9.13654
45.46473,9.16801
45.45135,9.1942
45.45292,9.15374
45.46368,9.15036
45.48446,9.20476
45.46167,9.20226
45.47083,9.18365
45.46241,9.27726
45.50829,9.20455
45.47178,9.16837
45.45371,9.21611
45.46077,9.22649
45.4861,9.2066
45.49102,9.18605
45.47995,9.2145
45.46394,9.18745
45.4645,9.16664
45.478,9.19403
45.47334,9.20411
45.46126,9.20945
45.48169,9.20229
45.49808,9.19788
45.48615,9.20666
45.46937,9.22096
45.45543,9.18519
45.4693,9.21657
45.46594,9.18822
45.49146,9.18442
45.45976,9.182
45.49319,9.15904
45.4648,9.15027
45.44934,9.14893
45.46483,9.18288
45.48263,9.22532
45.48078,9.20513
45.48077,9.19376
45.46726,9.18437
45.46679,9.1984
45.44163,9.18875
45.47948,9.19631
45.4945,9.18099
45.45504,9.18398
45.44756,9.18235
45.523,9.17442
45.45974,9.18257
45.48272,9.20838
45.51739,9.18771
45.46732,9.15355
45.46981,9.16218
45.48791,9.19938
45.4695,9.17649
45.469,9.17184
45.47084,9.19504
45.46519,9.2135
45.47072,9.19754
45.4936,9.14478
45.48143,9.19172
45.46726,9.18437
45.45021,9.19321
45.44977,9.20149
45.4887,9.21084
45.45034,9.18729
45.48406,9.18007
45.46349,9.17753
45.45126,9.16115
45.48511,9.20694
45.44911,9.18842
45.46881,9.20408
45.45593,9.13463
45.46116,9.22032
45.45462,9.18533
45.45224,9.18137
45.49077,9.15624
45.46543,9.16001
45.50658,9.16319
45.46361,9.17297
45.45809,9.21646
45.4782,9.14774
45.46688,9.23022
45.48782,9.20112
45.49401,9.1615
45.45163,9.20795
45.47408,9.21466
45.46498,9.19821
45.48394,9.19778
45.47014,9.15349
45.45288,9.19553
45.48307,9.16476
45.4767,9.18539
45.45095,9.19785
45.46073,9.17387
45.46072,9.23291
45.46499,9.20728
45.46263,9.19726
45.4562,9.17702
45.48806,9.18845
45.47604,9.14448
45.4818,9.21177
45.47302,9.15139
45.48442,9.20611
45.46428,9.2068
45.46232,9.14977
45.48563,9.21932
45.47972,9.20718
45.45388,9.17091
45.48333,9.17352
45.51056,9.20857
45.46126,9.20945
45.46057,9.16437
45.46581,9.16761
45.46082,9.19158
45.50223,9.15335
45.46025,9.17491
45.46738,9.13979
45.44422,9.17249
45.47486,9.12687
45.46879,9.19023
45.46172,9.16307
45.44274,9.12953
45.44404,9.20868
45.46295,9.15767
45.49429,9.1808
45.47845,9.17316
45.47666,9.18138
45.45758,9.16461
45.44144,9.16348
45.45751,9.18367
45.45467,9.16244
45.47948,9.19631
45.4953,9.18304
45.46913,9.21471
45.44998,9.20683
45.47349,9.20401
45.45541,9.18529
45.45944,9.18322
45.47158,9.18209
45.45017,9.16802
45.44716,9.20364
45.4741,9.21167
45.47511,9.19455
45.47313,9.19603
45.47027,9.19213
45.49058,9.16901
45.48624,9.20674
45.45887,9.16898
45.4935,9.22792
45.45542,9.18582
45.47261,9.19419
45.47451,9.14035
45.46537,9.19823
45.46249,9.23124
45.45491,9.14875
45.48954,9.18678
45.4608,9.16406
45.44995,9.20986
45.48522,9.23481
45.4776,9.1888
45.50574,9.19996
45.46701,9.1957
45.45598,9.15236
45.48327,9.16998
45.46558,9.19269
45.48055,9.20178
45.47915,9.18385
45.47279,9.20461
45.45316,9.17129
45.47912,9.20177
45.45626,9.17039
45.47038,9.19213
45.46632,9.16608
45.4826,9.2022
45.4882,9.13925
45.48464,9.20495
45.4448,9.15065
45.46814,9.17274
45.48304,9.18314
45.49027,9.22049
45.49115,9.15944
45.47192,9.12555
45.51175,9.21134
45.49038,9.18272
45.4819,9.18908
45.44479,9.15062
45.46635,9.17591
45.47644,9.20535
45.45458,9.16694
45.44447,9.1557
45.47251,9.23501
45.47944,9.23078
45.46701,9.18247
45.4719,9.1578
45.46059,9.17195
45.47837,9.19227
45.44932,9.18898
45.46251,9.20123
45.44551,9.14616
45.45413,9.16403
45.48689,9.1684
45.44539,9.15848
45.45279,9.20871
45.45386,9.24714
45.45804,9.1502
45.4569,9.16242
45.46357,9.15901
45.45066,9.20085
45.47293,9.15378
45.48394,9.18342
45.4706,9.16998
45.47687,9.15059
45.50321,9.16833
45.47141,9.21656
45.47399,9.20902
45.48601,9.21836
45.44488,9.17657
45.46694,9.18151
45.49379,9.16557
45.49298,9.22604
45.47721,9.19993
45.46934,9.16629
45.48937,9.20581
45.46479,9.20955
45.46913,9.19155
45.46229,9.20462
45.48361,9.18037
45.48055,9.21609
45.46596,9.18798
45.4803,9.20018
45.45001,9.155
45.4752,9.18841
45.45551,9.20701
45.44184,9.20962
45.47584,9.17105
45.49034,9.20371
45.47984,9.22442
45.46675,9.22276
45.46183,9.19087
45.48013,9.19296
45.46689,9.17274
45.47329,9.18263
45.46142,9.19599
45.48559,9.20727
45.49019,9.21185
45.43372,9.23762
45.45553,9.1714
45.45284,9.16604
45.4622,9.1816
45.46081,9.20595
45.45117,9.16049
45.45284,9.24795
45.4498,9.21224
45.47873,9.18837
45.46303,9.19362
45.45241,9.20006
45.47841,9.1877
45.48519,9.20888
45.49261,9.18561
45.47839,9.20069
45.46959,9.16296
45.48904,9.18824
45.47573,9.21736
45.45325,9.20887
45.42589,9.2046
45.47736,9.16774
45.46747,9.19498
45.48901,9.23272
45.48381,9.18018
45.45384,9.17803
45.48028,9.19618
45.45144,9.15551
45.47098,9.20151
45.43315,9.18446
45.48045,9.1667
45.46307,9.17134
45.47251,9.20129
45.44396,9.20864
45.49159,9.20107
45.46572,9.17432
45.45966,9.19001
45.4606,9.12922
45.51535,9.21117
45.46977,9.20167
45.46765,9.13428
45.45292,9.20425
45.48142,9.16571
45.46913,9.19155
45.47333,9.20556
45.50364,9.17874
45.46924,9.21636
45.44084,9.18931
45.45983,9.17709
45.48349,9.18505
45.45892,9.18437
45.4668,9.19877
45.43826,9.20651
45.45528,9.14355
45.45118,9.17795
45.49664,9.17366
45.45083,9.16857
45.46694,9.19571
45.46727,9.19501
45.47934,9.19862
45.45074,9.16584
45.4645,9.16664
45.43462,9.20376
45.48488,9.20642
45.45988,9.18671
45.46418,9.22154
45.45614,9.20977
45.47414,9.20915
45.47304,9.18938
45.48091,9.18769
45.486,9.24587
45.46156,9.15435
45.45779,9.184
45.46999,9.16751
45.45719,9.15252
45.43845,9.20013
45.44769,9.18237
45.44479,9.15062
45.44266,9.20939
45.47968,9.20725
45.44233,9.15548
45.49499,9.18355
45.44682,9.20202
45.48903,9.22869
45.46339,9.1794
45.50139,9.14669
45.49411,9.18274
45.4853,9.15471
45.47293,9.19579
45.46879,9.19144
45.46251,9.20123
45.46658,9.21422
45.44343,9.15509
45.48596,9.16794
45.45292,9.20425
45.4548,9.21022
45.45341,9.17504
45.48543,9.20708
45.46786,9.17831
45.46073,9.17387
45.4448,9.15065
45.44281,9.20128
45.46793,9.18568
45.48624,9.20674
45.46707,9.21132
45.45556,9.19362
45.45612,9.20879
45.46428,9.2068
45.46439,9.21473
45.47933,9.21145
45.47288,9.18712
45.45486,9.18396
45.4716,9.16297
45.45358,9.18306
45.52242,9.22768
45.4504,9.1777
45.48907,9.18504
45.50321,9.16833
45.4704,9.19785
45.43743,9.22687
45.47578,9.20627
45.50922,9.20334
45.46438,9.14234
45.46539,9.16559
45.47792,9.20936
45.47551,9.1648
45.47628,9.16655
45.48637,9.20711
45.45429,9.19502
45.48387,9.17436
45.46557,9.22837
45.45333,9.14176
45.50551,9.1992
45.4659,9.13724
45.45146,9.17802
45.46937,9.20436
45.45789,9.19939
45.45356,9.21756
45.49153,9.16436
45.47352,9.23288
45.47781,9.18816
45.45631,9.17467
45.48991,9.22554
45.47608,9.2021
45.45936,9.16022
45.4589,9.17015
45.44706,9.16213
45.44266,9.20939
45.45096,9.19786
45.48433,9.20047
45.47286,9.19636
45.46074,9.23098
45.47027,9.19213
45.46119,9.19324
45.47252,9.19439
45.4504,9.1777
45.4741,9.21167
45.47778,9.16144
45.46264,9.20447
45.46607,9.19227
45.47424,9.16501
45.47697,9.17448
45.44443,9.16734
45.48378,9.2129
45.52176,9.20992
45.46282,9.16169
45.46855,9.16361
45.46171,9.14911
45.47528,9.22172
45.46151,9.20237
45.47799,9.2198
45.48291,9.21155
45.46814,9.17274
45.46147,9.18139
45.44447,9.1557
45.43345,9.19888
45.47578,9.20627
45.44929,9.13781
45.48696,9.20003
45.47698,9.21761
45.46241,9.27726
45.49076,9.18915
45.4545,9.20264
45.45564,9.16252
45.49367,9.13791
45.50364,9.17874
45.46409,9.17375
45.46591,9.21045
45.43393,9.2012
45.45983,9.18004
45.46984,9.17225
45.48429,9.15857
45.46572,9.1682
45.48485,9.20624
45.46111,9.20239
45.46788,9.16917
45.43993,9.19008
45.44997,9.19048
45.47689,9.23321
45.47135,9.20016
45.45064,9.1993
45.47136,9.19216
45.40368,9.17361
45.46241,9.27726
45.46229,9.20462
45.48168,9.18354
45.47011,9.20266
45.451,9.16876
45.45702,9.18451
45.44936,9.13874
45.4818,9.20181
45.4655,9.18861
45.45041,9.15231
45.47021,9.16834
45.44144,9.16348
45.45459,9.1183
45.46459,9.22156
45.46727,9.19249
45.47544,9.15359
45.48516,9.2138
45.45625,9.17044
45.43634,9.20328
45.46334,9.16629
45.47655,9.19469
45.4528,9.18433
45.46803,9.16795
45.47906,9.20598
45.4434,9.18803
45.47125,9.20179
45.4564,9.17462
45.47067,9.18322
45.46179,9.17849
45.49847,9.20775
45.46403,9.16752
45.44083,9.18161
45.44545,9.16193
45.47385,9.10624
45.44956,9.22383
45.45612,9.20879
45.47082,9.1992
45.46258,9.20759
45.46745,9.19498
45.4791,9.20279
45.46539,9.16559
45.44918,9.19046
45.47557,9.20897
45.43868,9.17469
45.46352,9.18232
45.45853,9.18428
45.47076,9.22256
45.48474,9.23068
45.48877,9.18572
45.4659,9.19895
45.46657,9.17243
45.46465,9.1982
45.46369,9.20956
45.48435,9.20655
45.49499,9.18355
45.47012,9.23019
45.49128,9.20331
45.45574,9.15483
45.45442,9.1886
45.47933,9.21145
45.46768,9.21315
45.45071,9.20726
45.45674,9.19919
45.48018,9.19482
45.48651,9.13049
45.49177,9.18251
45.44266,9.20939
45.48353,9.18039
45.45165,9.21899
45.48485,9.20624
45.48889,9.18927
45.49965,9.20278
45.45816,9.15663
45.48336,9.18091
45.46241,9.27726
45.48171,9.20211
45.47876,9.17082
45.449,9.1807
45.45888,9.19108
45.47154,9.23108
45.46051,9.20896
45.49763,9.20777
45.47576,9.21458
45.46367,9.19467
45.47923,9.21357
45.48377,9.17282
45.48349,9.21693
45.46668,9.15735
45.46839,9.20557
45.48422,9.20579
45.48331,9.18098
45.48864,9.22014
45.46885,9.18833
45.46017,9.15487
45.45133,9.17786
45.45099,9.19628
45.50178,9.21152
45.46428,9.18507
45.49999,9.18573
45.45705,9.21398
45.46523,9.17029
45.44184,9.20962
45.48301,9.18473
45.47915,9.20489
45.46672,9.15804
45.46907,9.20863
45.47053,9.23253
45.45727,9.21256
45.47501,9.1824
45.46572,9.17432
45.48034,9.18015
45.45392,9.20905
45.483,9.18109
45.44666,9.19815
45.46274,9.13682
45.46988,9.19853
45.47254,9.19428
45.43813,9.16475
45.48243,9.15814
45.44588,9.12728
45.46241,9.27726
45.44365,9.21816
45.45446,9.22423
45.46232,9.23126
45.47582,9.22302
45.46248,9.16712
45.46918,9.19145
45.45839,9.16078
45.49884,9.16805
45.45308,9.20329
45.46766,9.17914
45.48503,9.21578
45.46155,9.19246
45.44333,9.2212
45.45329,9.1824
45.46188,9.18178
45.4539,9.16611
45.45312,9.17207
45.47077,9.21375
45.44151,9.17886
45.47252,9.19439
45.45408,9.19466
45.47663,9.14064
45.48596,9.22893
45.46668,9.15735
45.47628,9.16655
45.4374,9.20305
45.45461,9.18599
45.49737,9.16895
45.46417,9.18317
45.48076,9.18188
45.4526,9.20626
45.45014,9.22388
45.46775,9.19222
45.48592,9.16808
45.48686,9.15742
45.4774,9.21478
45.49001,9.1815
45.46942,9.16579
45.45279,9.20871
45.44447,9.16523
45.4785,9.17114
45.46392,9.20328
45.45983,9.17129
45.47733,9.18502
45.50828,9.20457
45.45598,9.16244
45.48568,9.20729
45.48015,9.20427
45.45168,9.15214
45.47259,9.18584
45.44623,9.18228
45.48422,9.20579
45.46093,9.18438
45.47186,9.16001
45.44619,9.18908
45.45377,9.19607
45.4571,9.18528
45.48144,9.20818
45.46254,9.12548
45.4428,9.1908
45.46233,9.22151
45.46165,9.15782
45.48279,9.19105
45.46813,9.15907
45.45315,9.16089
45.46585,9.18214
45.48425,9.22431
45.43606,9.18495
45.44939,9.20047
45.48825,9.18692
45.46332,9.18097
45.45281,9.15188
45.46627,9.21242
45.47106,9.22737
45.45318,9.17207
45.48285,9.16414
45.44682,9.20202
45.47004,9.19896
45.45113,9.21091
45.45364,9.17223
45.45312,9.17158
45.48057,9.16956
45.45755,9.20798
45.47773,9.16742
45.44823,9.16485
45.47616,9.21278
45.48963,9.21501
45.47245,9.18966
45.46004,9.1809
45.49029,9.18301
45.45519,9.18601
45.48804,9.21927
45.4667,9.22226
45.46688,9.20612
45.47777,9.21941
45.50054,9.18319
45.46776,9.17186
45.47068,9.19763
45.4435,9.18397
45.46864,9.14235
45.48948,9.18632
45.45805,9.18621
45.47302,9.18733
45.47147,9.15105
45.49541,9.20856
45.45937,9.206
45.46241,9.27726
45.45807,9.20607
45.50281,9.23634
45.48076,9.18188
45.44242,9.15563
45.46937,9.20436
45.45593,9.17513
45.46304,9.17249
45.46241,9.27726
45.44904,9.20428
45.45799,9.15587
45.4504,9.1777
45.45225,9.18242
45.46699,9.2102
45.4773,9.19676
45.45892,9.18437
45.46027,9.2059
45.48612,9.19707
45.45421,9.19595
45.46464,9.21478
45.48058,9.17479
45.48711,9.20299
45.47695,9.14484
45.4651,9.18382
45.48435,9.20655
45.48429,9.2048
45.48926,9.18447
45.49035,9.1514
45.46632,9.16752
45.49191,9.21424
45.5146,9.12821
45.45522,9.18709
45.46051,9.14343
45.49461,9.14588
45.46098,9.15916
45.48349,9.18505
45.46069,9.20471
45.45179,9.17843
45.46213,9.22994
45.43955,9.18847
45.46024,9.20348
45.46362,9.20438
45.44828,9.20286
45.49977,9.21427
45.50541,9.16202
45.48752,9.17142
45.48615,9.20666
45.50241,9.20167
45.49108,9.21302
45.44101,9.18338
45.45692,9.18999
45.46286,9.19363
45.48864,9.16509
45.44988,9.22064
45.49606,9.19984
45.47703,9.1919
45.45281,9.20125
45.4727,9.21728
45.46727,9.19249
45.48934,9.20584
45.49884,9.19796
45.45532,9.17705
45.46257,9.15147
45.44249,9.19605
45.48437,9.20463
45.47994,9.19567
45.46675,9.22276
45.44381,9.19588
45.46406,9.15834
45.45403,9.20726
45.44896,9.20706
45.49977,9.18417
45.43435,9.24262
45.48493,9.18492
45.44865,9.1624
45.49461,9.14588
45.45696,9.18727
45.47389,9.20827
45.46403,9.16752
45.46947,9.22219
45.4904,9.20362
45.45888,9.19108
45.50541,9.17953
45.48435,9.17179
45.44474,9.21117
45.51995,9.20869
45.46332,9.19839
45.45043,9.18719
45.46271,9.18984
45.481,9.19754
45.44896,9.20648
45.45311,9.17552
45.48013,9.17492
45.49359,9.1449
45.46212,9.15506
45.45174,9.16955
45.52088,9.21539
45.49542,9.18653
45.45651,9.20389
45.46885,9.17181
45.45113,9.18953
45.44085,9.18937
45.47747,9.19204
45.4781,9.183
45.45133,9.17786
45.47928,9.18628
45.48497,9.15068
45.46983,9.17692
45.4517,9.1604
45.4687,9.21114
45.4854,9.20839
45.47359,9.23412
45.44113,9.16346
45.47521,9.18914
45.4704,9.19785
45.4413,9.155
45.47814,9.20402
45.45394,9.17204
45.45712,9.16964
45.46415,9.17383
45.46414,9.22147
45.48276,9.1903
45.4492,9.14033
45.4528,9.18433
45.49562,9.22091
45.48542,9.15796
45.47876,9.22093
45.47474,9.20764
45.46387,9.18526
45.4752,9.18903
45.4345,9.20321
45.46752,9.17333
45.47219,9.21471
45.49499,9.18355
45.47387,9.20831
45.4931,9.21577
45.46556,9.15891
45.44392,9.18015
45.46207,9.23161
45.45549,9.18354
45.47452,9.20871
45.4964,9.20205
45.47429,9.22467
45.46017,9.16305
45.475,9.19159
45.47658,9.19551
45.47349,9.23283
45.46841,9.19914
45.48171,9.20211
45.45311,9.20914
45.46776,9.17105
45.46213,9.15141
45.48711,9.20299
45.43886,9.17835
45.46867,9.17229
45.46492,9.16805
45.46581,9.22144
45.44769,9.18237
45.44956,9.22383
45.47706,9.21255
45.47763,9.21475
45.43456,9.23619
45.47728,9.17907
45.45318,9.17207
45.48527,9.20196
45.49358,9.16534
45.46855,9.16361
45.45733,9.18366
45.45292,9.17544
45.45295,9.17587
45.48045,9.1667
45.4485,9.19529
45.46115,9.22046
45.45541,9.2118
45.47863,9.18963
45.46232,9.18143
45.45598,9.16244
45.49422,9.18717
45.49738,9.1358
45.47509,9.21798
45.45791,9.199
45.42631,9.25116
45.49733,9.21174
45.45312,9.17158
45.47825,9.18834
45.4695,9.17649
45.48057,9.16956
45.4423,9.14628
45.46467,9.20738
45.44846,9.16029
45.43617,9.18155
45.46699,9.16935
45.4543,9.15012
45.46574,9.1685
45.45332,9.18244
45.4669,9.1473
45.47082,9.14818
45.4563,9.1734
45.45004,9.17258
45.47371,9.19128
45.46213,9.22994
45.475,9.19159
45.46832,9.22567
45.46975,9.1726
45.47642,9.21318
45.47479,9.22158
45.45937,9.15989
45.48506,9.20665
45.48891,9.15443
45.48532,9.23219
45.47532,9.1901
45.47841,9.20342
45.47563,9.22465
45.46242,9.20636
45.47793,9.2018
45.4682,9.21241
45.41699,9.26451
45.48146,9.21249
45.46039,9.17525
45.4538,9.2466
45.47425,9.18995
45.45445,9.15864
45.50309,9.16798
45.48171,9.20211
45.46899,9.19027
45.46159,9.15326
45.46253,9.15793
45.44908,9.1816
45.47289,9.19124
45.47161,9.1537
45.44144,9.16348
45.46845,9.17992
45.46313,9.20125
45.47078,9.16955
45.45142,9.17808
45.45291,9.16424
45.44249,9.15566
45.45968,9.21108
45.46696,9.18161
45.47778,9.16144
45.47217,9.16223
45.47892,9.19428
45.4466,9.16542
45.45081,9.19324
45.46327,9.18105
45.46666,9.21155
45.4759,9.16584
45.47299,9.18874
45.43774,9.24099
45.48331,9.18098
45.47491,9.19008
45.47911,9.21476
45.46497,9.14039
45.46069,9.20471
45.4612,9.15627
45.46038,9.17753
45.46099,9.16307
45.45315,9.1756
45.46334,9.19409
45.46097,9.19919
45.49228,9.16575
45.5016,9.1309
45.43119,9.20182
45.45287,9.19399
45.46868,9.19923
45.46188,9.13295
45.4417,9.17584
45.48608,9.22549
45.46684,9.15654
45.46679,9.15649
45.46083,9.22787
45.46241,9.27726
45.41563,9.26488
45.46436,9.18451
45.49624,9.19996
45.44103,9.17387
45.4651,9.18382
45.46826,9.19891
45.46237,9.1934
45.46865,9.20144
45.45555,9.18764
45.45103,9.19141
45.45214,9.18864
45.44472,9.15876
45.45642,9.21508
45.48403,9.20424
45.46759,9.22874
45.45834,9.17787
45.46087,9.19736
45.49954,9.13114
45.47994,9.12977
45.43488,9.23572
45.4483,9.16479
45.50635,9.1001
45.44863,9.19524
45.48768,9.16078
45.48776,9.20104
45.4392,9.22688
45.48782,9.20112
45.47658,9.19551
45.48041,9.1962
45.49557,9.19631
45.47543,9.15779
45.46427,9.15312
45.46002,9.20272
45.46789,9.14969
45.4555,9.2114
45.46843,9.22691
45.47272,9.18649
45.45756,9.15663
45.50051,9.14201
45.46039,9.17094
45.46801,9.18554
45.45398,9.13629
45.48231,9.21078
45.41475,9.16986
45.5146,9.12821
45.47837,9.19832
45.44018,9.19804
45.4674,9.13795
45.48963,9.21501
45.44391,9.19512
45.45259,9.15991
45.47425,9.22982
45.4607,9.16409
45.47795,9.23674
45.50096,9.16703
45.46741,9.14159
45.48261,9.23047
45.45692,9.18448
45.47961,9.20851
45.47148,9.16964
45.47089,9.218
45.48279,9.19105
45.47906,9.19963
45.46756,9.17055
45.46424,9.22733
45.45312,9.17942
45.45598,9.16475
45.45055,9.18732
45.45059,9.20324
45.44985,9.2098
45.47502,9.19102
45.48192,9.2106
45.45333,9.18773
45.46777,9.18099
45.46682,9.19863
45.48583,9.22187
45.4695,9.15545
45.46478,9.18554
45.47656,9.2132
45.49768,9.13125
45.46796,9.14763
45.46017,9.17064
45.47352,9.23288
45.46868,9.19004
45.47747,9.19204
45.44482,9.17413
45.4854,9.20839
45.43619,9.18041
45.45937,9.15989
45.49957,9.15056
45.45804,9.17371
45.47582,9.22006
45.4772,9.18634
45.45753,9.17601
45.49289,9.20516
45.44428,9.15498
45.49112,9.14484
45.46799,9.21129
45.48144,9.20818
45.47258,9.15076
45.43746,9.18254
45.45486,9.19204
45.47809,9.18293
45.45897,9.18416
45.46237,9.1934
45.47065,9.20363
45.45202,9.20427
45.50638,9.10021
45.47863,9.18963
45.46911,9.20409
45.45552,9.1886
45.48908,9.20982
45.47138,9.19089
45.46845,9.17992
45.47647,9.1911
45.45055,9.18732
45.48954,9.15422
45.48421,9.16198
45.49207,9.21843
45.47793,9.18886
45.46685,9.15027
45.48135,9.14519
45.46747,9.16715
45.46539,9.16441
45.46077,9.23106
45.48268,9.18349
45.45216,9.19422
45.47879,9.22384
45.44252,9.22171
45.46378,9.20729
45.45081,9.19324
45.47051,9.22352
45.47654,9.20393
45.44342,9.18532
45.50269,9.16012
45.45356,9.20835
45.47083,9.21138
45.46334,9.19409
45.47524,9.16366
45.47012,9.13153
45.45486,9.19204
45.46131,9.22109
45.45551,9.18301
45.47546,9.15085
45.46491,9.20303
45.47915,9.20782
45.45456,9.17652
45.48424,9.22291
45.44115,9.22204
45.4617,9.19254
45.46684,9.15654
45.47055,9.16477
45.44276,9.1935
45.49585,9.20382
45.45445,9.15864
45.46434,9.20324
45.45705,9.21398
45.45429,9.19502
45.48583,9.22187
45.4533,9.14175
45.48391,9.16031
45.46487,9.14936
45.47142,9.16865
45.45369,9.14151
45.4435,9.18397
45.4922,9.19028
45.45096,9.21074
45.4683,9.20692
45.47747,9.19204
45.46873,9.18999
45.45403,9.20726
45.4667,9.19536
45.47027,9.19213
45.48707,9.20022
45.48011,9.19584
45.48137,9.18131
45.49166,9.20455
45.44965,9.16505
45.46566,9.2321
45.47622,9.21047
45.44822,9.20517
45.48759,9.20073
45.47499,9.14916
45.48098,9.2194
45.48922,9.1872
45.49372,9.15802
45.48026,9.18827
45.46771,9.21368
45.45495,9.20577
45.45989,9.14429
45.47685,9.1661
45.47495,9.16185
45.44888,9.18169
45.5064,9.10007
45.46633,9.16335
45.45877,9.18434
45.4665,9.21478
45.40957,9.17417
45.47251,9.20129
45.49604,9.18354
45.46079,9.1583
45.48124,9.21722
45.46641,9.20729
45.44346,9.20129
45.46226,9.21996
45.46297,9.16192
45.49381,9.10363
45.44765,9.1821
45.48655,9.21539
45.45184,9.16958
45.45748,9.17765
45.4374,9.20305
45.45168,9.15214
45.46438,9.15354
45.47756,9.18588
45.46568,9.23325
45.44025,9.19698
45.50241,9.20998
45.49437,9.19125
45.50511,9.22358
45.46882,9.20584
45.47417,9.21841
45.47778,9.16144
45.47364,9.19485
45.4889,9.19085
45.46027,9.18103
45.47101,9.22618
45.47694,9.20291
45.46557,9.21371
45.45753,9.17601
45.46131,9.18085
45.45867,9.15488
45.43743,9.15821
45.45178,9.20841
45.45863,9.15488
45.44534,9.14474
45.43119,9.20182
45.47975,9.17464
45.46363,9.22793
45.48004,9.19914
45.46024,9.16306
45.47646,9.21061
45.46266,9.20362
45.47062,9.20857
45.46491,9.20303
45.46433,9.23188
45.45246,9.20009
45.45943,9.15754
45.46682,9.19859
45.45459,9.1763
45.44576,9.16463
45.45766,9.17621
45.44226,9.16363
45.46011,9.18619
45.46778,9.22875
45.52108,9.21517
45.49388,9.19401
45.46918,9.19348
45.47584,9.21732
45.45212,9.1836
45.45459,9.1183
45.45888,9.18013
45.4552,9.20106
45.48488,9.19645
45.47718,9.19796
45.47737,9.19952
45.4778,9.17309
45.47965,9.23296
45.47564,9.21409
45.46191,9.21148
45.46727,9.22591
45.4549,9.17287
45.44798,9.2038
45.47552,9.22352
45.49735,9.18211
45.46033,9.20771
45.44351,9.2284
45.4742,9.21142
45.46692,9.20601
45.45498,9.16154
45.4706,9.11479
45.46987,9.20375
45.44459,9.16337
45.46087,9.16294
45.45771,9.17625
45.48645,9.19725
45.46865,9.20144
45.44482,9.17413
45.45987,9.15506
45.44824,9.19683
45.47128,9.19995
45.45287,9.19399
45.47821,9.19602
45.45188,9.21145
45.47452,9.21476
45.46307,9.21202
45.48452,9.14598
45.49014,9.16667
45.45545,9.18887
45.46653,9.16605
45.47617,9.20412
45.47956,9.22253
45.46553,9.15803
45.49544,9.14039
45.47451,9.21492
45.47361,9.19602
45.47064,9.21469
45.45839,9.16078
45.46933,9.21328
45.46627,9.16353
45.50981,9.17683
45.47692,9.23344
45.46844,9.21029
45.45693,9.1845
45.48095,9.20221
45.4673,9.14348
45.48531,9.23407
45.48243,9.15814
45.49511,9.20743
45.45319,9.17213
45.49139,9.15694
45.45098,9.20212
45.45713,9.20527
45.49121,9.21515
45.45387,9.15327
45.45598,9.16244
45.49948,9.13119
45.46478,9.18554
45.46438,9.21611
45.47269,9.22908
45.47122,9.19085
45.4663,9.21466
45.4853,9.15471
45.50332,9.16864
45.44204,9.17267
45.47817,9.20129
45.48709,9.16526
45.44504,9.15866
45.46507,9.18386
45.4607,9.16409
45.49162,9.19258
45.47302,9.18852
45.48633,9.15629
45.50146,9.17693
45.475,9.14564
45.4528,9.18433
45.45027,9.1355
45.47531,9.18696
45.46918,9.19348
45.47263,9.22712
45.51924,9.21327
45.46927,9.20835
45.47024,9.2112
45.45803,9.18516
45.45539,9.1919
45.45216,9.18402
45.48745,9.23317
45.43691,9.21345
45.44919,9.13801
45.45479,9.14638
45.49305,9.15796
45.46977,9.1773
45.47836,9.17354
45.45712,9.19917
45.47718,9.19796
45.47135,9.20016
45.44056,9.21081
45.43842,9.16479
45.49857,9.17137
45.49411,9.18274
45.47152,9.18279
45.45456,9.17652
45.46923,9.14998
45.47055,9.16477
45.45833,9.15305
45.47535,9.19191
45.47119,9.20175
45.48374,9.15764
45.44966,9.20979
45.46528,9.22719
45.46784,9.1922
45.4784,9.2109
45.46373,9.22778
45.46836,9.20488
45.49087,9.16605
45.47358,9.22142
45.52386,9.21343
45.49541,9.17622
45.44914,9.18831
45.48924,9.14266
45.48474,9.16935
45.46694,9.13951
45.46075,9.15821
45.49947,9.18591
45.49059,9.18351
45.4574,9.19163
45.47583,9.20847
45.45214,9.18864
45.48756,9.16979
45.46999,9.13115
45.46914,9.1874
45.45482,9.17199
45.48108,9.20325
45.45716,9.18011
45.4704,9.19785
45.45897,9.17962
45.47866,9.16036
45.47865,9.17229
45.46027,9.18103
45.46241,9.27726
45.46653,9.1505
45.47741,9.22356
45.45227,9.20002
45.46865,9.20144
45.45598,9.16244
45.44846,9.16267
45.45632,9.16217
45.47032,9.22627
45.48517,9.19788
45.49228,9.16575
45.46494,9.23247
45.48484,9.19618
45.51584,9.2115
45.44489,9.17274
45.45704,9.17743
45.47762,9.22126
45.48393,9.14257
45.46175,9.20757
45.45052,9.20705
45.47915,9.20286
45.48097,9.19094
45.45253,9.14426
45.47078,9.16253
45.49355,9.14509
45.45004,9.17264
45.47857,9.20156
45.47088,9.21579
45.4791,9.19257
45.48236,9.22521
45.46374,9.15891
45.47406,9.147
45.47396,9.2182
45.46861,9.21467
45.46168,9.08674
45.44523,9.15677
45.44542,9.14548
45.44854,9.16903
45.4527,9.15935
45.47752,9.18802
45.46699,9.15214
45.48411,9.17209
45.47452,9.20871
45.488,9.23287
45.45758,9.20918
45.48242,9.16286
45.4847,9.16435
45.44035,9.17506
45.46014,9.1862
45.4714,9.19215
45.47879,9.19246
45.43542,9.23648
45.46482,9.16195
45.4677,9.18082
45.47003,9.15905
45.4572,9.19103
45.48322,9.16757
45.48377,9.2125
45.47374,9.21297
45.46704,9.15322
45.44291,9.18129
45.4907,9.19747
45.48342,9.16486
45.44712,9.16194
45.46431,9.16088
45.4554,9.22315
45.44472,9.15876
45.4665,9.22144
45.48387,9.19811
45.46771,9.21368
45.48253,9.18397
45.48068,9.22472
45.46722,9.15301
45.47334,9.23
45.47319,9.19683
45.48075,9.18436
45.46727,9.22591
45.49337,9.18417
45.46768,9.17853
45.45771,9.17625
45.43645,9.22231
45.46498,9.17984
45.47665,9.19381
45.4884,9.16057
45.4774,9.20028
45.47793,9.21933
45.45156,9.21955
45.47194,9.23447
45.44994,9.17757
45.47194,9.14754
45.49585,9.16335
45.4611,9.15728
45.44171,9.17907
45.44473,9.17417
45.46501,9.21473
45.45329,9.20941
45.48688,9.18493
45.44773,9.17956
45.46094,9.20617
45.46803,9.16795
45.49287,9.1846
45.49438,9.21536
45.48103,9.19083
45.44196,9.20963
45.47577,9.17063
45.4755,9.15326
45.46928,9.2148
45.45153,9.22078
45.45628,9.21149
45.47741,9.20793
45.49828,9.19577
45.44725,9.15297
45.45387,9.20352
45.46998,9.16529
45.46883,9.19034
45.45736,9.16152
45.4888,9.21314
45.4572,9.19103
45.45209,9.18051
45.48952,9.21766
45.45441,9.20609
45.47118,9.18294
45.48503,9.19463
45.50776,9.19555
45.44136,9.19241
45.45221,9.20816
45.45639,9.16212
45.45833,9.15305
45.45662,9.13839
45.46681,9.15175
45.49523,9.21685
45.49091,9.18906
45.45524,9.20121
45.44879,9.21352
45.45565,9.20672
45.49552,9.22122
45.47423,9.20763
45.50135,9.19852
45.48219,9.22894
45.50483,9.19939
45.46308,9.20516
45.4588,9.18418
45.4784,9.16253
45.4638,9.15038
45.40167,9.1465
45.49345,9.20306
45.47006,9.21608
45.47425,9.18995
45.45892,9.18479
45.47451,9.21492
45.4872,9.20248
45.45787,9.20541
45.45225,9.24115
45.46232,9.15202
45.46822,9.13048
45.49831,9.1185
45.48859,9.20183
45.45286,9.1947
45.484,9.16738
45.49586,9.21623
45.45819,9.15552
45.46417,9.18633
45.45895,9.20641
45.45079,9.17159
45.50165,9.16243
45.44781,9.2026
45.4622,9.23405
45.46885,9.15071
45.45855,9.21305
45.4419,9.22432
45.4489,9.20151
45.48944,9.20155
45.47319,9.19683
45.47747,9.18607
45.49024,9.20688
45.4588,9.18418
45.48435,9.17179
45.43586,9.17816
45.47108,9.23513
45.45713,9.20527
45.46672,9.22277
45.44482,9.17413
45.45268,9.16436
45.46782,9.12653
45.48396,9.16372
45.46774,9.23225
45.47034,9.22628
45.452,9.19334
45.46704,9.16326
45.45522,9.18709
45.48389,9.1562
45.46131,9.18085
45.44586,9.16417
45.44204,9.17267
45.46675,9.13368
45.45203,9.20037
45.46957,9.14417
45.43698,9.21049
45.45156,9.14556
45.47473,9.1339
45.45765,9.15318
45.48009,9.16979
45.4787,9.2367
45.4708,9.23011
45.48543,9.20697
45.48205,9.18263
45.45529,9.17416
45.48005,9.17742
45.47095,9.22754
45.47194,9.23447
45.45226,9.22889
45.48451,9.21703
45.47012,9.16344
45.46752,9.17534
45.47981,9.19734
45.45355,9.16395
45.45581,9.21068
45.50698,9.16247
45.50619,9.26786
45.47717,9.18501
45.46803,9.16795
45.49005,9.16939
45.45275,9.18344
45.49199,9.15065
45.44512,9.21186
45.48002,9.19341
45.48513,9.20784
45.4524,9.14412
45.45652,9.15692
45.45293,9.21691
45.48438,9.2046
45.47752,9.18802
45.45577,9.18421
45.47632,9.21118
45.47169,9.21465
45.4652,9.16283
45.50284,9.1665
45.50059,9.19496
45.47641,9.18188
45.44575,9.17702
45.5192,9.21371
45.49132,9.1881
45.46416,9.2074
45.46533,9.19818
45.45593,9.16494
45.4955,9.16419
45.44474,9.21117
45.44995,9.19051
45.48525,9.20675
45.46717,9.20555
45.44889,9.18276
45.43568,9.2007
45.48487,9.1949
45.44588,9.12728
45.49884,9.19796
45.47114,9.21332
45.44837,9.21325
45.46077,9.23155
45.45229,9.18288
45.47998,9.16815
45.46993,9.22149
45.47034,9.24553
45.49761,9.22671
45.45421,9.17765
45.50109,9.21153
45.5086,9.19024
45.45607,9.16991
45.46746,9.20394
45.48097,9.19094
45.4974,9.22122
45.48963,9.21501
45.48594,9.22022
45.49045,9.21248
45.45827,9.15307
45.48079,9.17732
45.48773,9.20408
45.45534,9.21078
45.46634,9.21339
45.47917,9.2127
45.47993,9.18634
45.48848,9.20881
45.46519,9.15626
45.46163,9.15106
45.47985,9.16632
45.46149,9.12452
45.46711,9.20512
45.45536,9.21194
45.44681,9.18679
45.46991,9.14934
45.49395,9.16636
45.44621,9.1861
45.48826,9.19115
45.47979,9.17232
45.47534,9.16854
45.47809,9.16685
45.47868,9.18956
45.48002,9.19341
45.46,9.20919
45.494,9.16546
45.46792,9.14746
45.48578,9.21361
45.46963,9.1387
45.48943,9.15305
45.46241,9.23165
45.4695,9.21598
45.46401,9.17836
45.47864,9.18958
45.48686,9.20162
45.45064,9.21026
45.48287,9.16452
45.46417,9.16535
45.4492,9.16307
45.48306,9.18494
45.47658,9.2033
45.47691,9.20559
45.47682,9.19184
45.4639,9.15086
45.48503,9.19463
45.44512,9.21186
45.44559,9.17684
45.44456,9.16749
45.45401,9.17189
45.43651,9.18346
45.45261,9.17009
45.46981,9.15442
45.4521,9.18443
45.45027,9.21438
45.48033,9.16713
45.47104,9.20855
45.46448,9.16035
45.47891,9.21183
45.46627,9.16353
45.48756,9.16979
45.49608,9.16954
45.4829,9.21492
45.50021,9.22134
45.45541,9.19
45.46627,9.15695
45.46886,9.15523
45.48305,9.21467
45.46075,9.15821
45.47477,9.1293
45.45895,9.20641
45.47262,9.15251
45.48244,9.19383
45.48283,9.19093
45.46708,9.15342
45.44151,9.15208
45.48331,9.18098
45.45676,9.15751
45.49397,9.19557
45.46476,9.16444
45.47922,9.21802
45.4662,9.15
45.46945,9.16583
45.45971,9.16165
45.40707,9.16884
45.46533,9.13168
45.4765,9.20246
45.46429,9.21135
45.45963,9.16764
45.46943,9.14387
45.47258,9.22603
45.46566,9.2321
45.47466,9.16004
45.49285,9.15596
45.48701,9.15657
45.49469,9.20274
45.47571,9.22291
45.44332,9.21198
45.45066,9.1426
45.48119,9.2299
45.45449,9.14512
45.48146,9.22269
45.4563,9.17745
45.44585,9.18489
45.46448,9.1432
45.46497,9.20884
45.47065,9.21712
45.48037,9.16122
45.45878,9.16836
45.44739,9.21079
45.43996,9.1786
45.4732,9.21116
45.44971,9.16544
45.48906,9.15821
45.44179,9.18019
45.50366,9.22214
45.4638,9.21975
45.4759,9.1706
45.47429,9.22467
45.44868,9.14222
45.4462,9.18711
45.51345,9.20497
45.48882,9.16007
45.48489,9.23064
45.45609,9.11612
45.45283,9.20119
45.48118,9.14484
45.48002,9.21471
45.49501,9.21156
45.46509,9.22394
45.45931,9.15995
45.47228,9.21598
45.50236,9.19074
45.48612,9.23199
45.45824,9.1543
45.45452,9.24334
45.46522,9.13186
45.47764,9.17755
45.45203,9.19524
45.5067,9.16307
45.47309,9.14731
45.46591,9.11186
45.4693,9.21191
45.45863,9.15488
45.50601,9.17847
45.46139,9.17283
45.49142,9.24277
45.46052,9.21857
45.45912,9.15771
45.48182,9.16896
45.43902,9.19264
45.47978,9.16969
45.47981,9.19402
45.52076,9.21633
45.46505,9.22066
45.46627,9.16353
45.45895,9.1802
45.4682,9.22243
45.48944,9.20155
45.44834,9.19669
45.45684,9.21102
45.47,9.21611
45.43897,9.20066
45.46886,9.16202
45.47767,9.20103
45.46666,9.2164
45.47827,9.14671
45.44712,9.16194
45.4872,9.20248
45.45219,9.18393
45.48058,9.14353
45.48384,9.16667
45.48114,9.16794
45.46817,9.16352
45.43677,9.19266
45.48349,9.22655
45.45259,9.14894
45.48917,9.16606
45.45301,9.17329
45.47989,9.17483
45.48613,9.22919
45.44115,9.15128
45.45735,9.15655
45.50057,9.19267
45.47913,9.19558
45.47456,9.14953
45.46401,9.17836
45.45912,9.15209
45.47632,9.21118
45.47293,9.15918
45.45301,9.17382
45.4581,9.16187
45.4619,9.1379
45.48816,9.18741
45.47967,9.16233
45.49988,9.21429
45.45681,9.14407
45.46988,9.23243
45.45229,9.18288
45.46169,9.13287
45.44837,9.21325
45.45332,9.15493
45.46507,9.21838
45.45018,9.19364
45.46059,9.172
45.47743,9.16879
45.44746,9.16034
45.48719,9.19861
45.48236,9.172
45.477,9.21038
45.48904,9.18467
45.47758,9.17774
45.4881,9.16893
45.49856,9.20753
45.46671,9.22298
45.4613,9.16034
45.4802,9.19581
45.45093,9.19979
45.45745,9.15669
45.51691,9.21548
45.48097,9.18191
45.48995,9.19054
45.44833,9.22183
45.47531,9.18608
45.45534,9.17222
45.44912,9.21118
45.47857,9.18439
45.44287,9.20318
45.48791,9.18903
45.42988,9.19878
45.488,9.23287
45.49418,9.20713
45.45913,9.18193
45.46203,9.23251
45.48537,9.16462
45.45066,9.17158
45.45941,9.16235
45.47901,9.16313
45.48054,9.18106
45.43636,9.18571
45.46589,9.20995
45.52381,9.19442
45.47497,9.17083
45.48079,9.21931
45.44041,9.22499
45.46386,9.1612
45.45411,9.19415
45.48184,9.21377
45.47573,9.13719
45.4526,9.20209
45.45416,9.15458
45.46091,9.21447
45.4577,9.17614
45.49089,9.16535
45.47194,9.23447
45.47097,9.13201
45.49354,9.15734
45.45688,9.20821
45.46679,9.13973
45.46883,9.15532
45.45945,9.17651
45.43836,9.17502
45.44891,9.19433
45.48157,9.16732
45.47281,9.16352
45.48709,9.16526
45.46077,9.23155
45.48631,9.17339
45.45317,9.17192
45.47577,9.16717
45.49316,9.14585
45.46971,9.14952
45.47103,9.22984
45.47138,9.18188
45.47922,9.21802
45.50465,9.17317
45.46541,9.15834
45.45039,9.20787
45.45197,9.19734
45.46625,9.2346
45.48118,9.14484
45.48601,9.19654
45.46013,9.15332
45.46945,9.16583
45.48415,9.22397
45.44645,9.15519
45.47766,9.19879
45.45529,9.19944
45.48099,9.17477
45.48451,9.21703
45.44357,9.18092
45.47167,9.21464
45.45012,9.16784
45.47902,9.16304
45.4901,9.16735
45.4609,9.18357
45.49449,9.14523
45.45046,9.17755
45.48267,9.23656
45.43531,9.24291
45.45259,9.15306
45.4638,9.15038
45.46297,9.22013
45.48368,9.20428
45.4845,9.19871
45.47922,9.2226
45.45149,9.2094
45.48912,9.18214
45.45823,9.20776
45.46076,9.20939
45.47208,9.14758
45.47771,9.16898
45.49548,9.18
45.48169,9.21467
45.46075,9.22539
45.4848,9.17778
45.50136,9.17458
45.45913,9.18193
45.46025,9.15483
45.47985,9.16632
45.44561,9.16674
45.47573,9.21426
45.46792,9.14746
45.48112,9.16642
45.47723,9.17264
45.46028,9.17064
45.44798,9.209
45.47582,9.20278
45.48017,9.18955
45.46268,9.20884
45.47437,9.14359
45.46578,9.21126
45.47731,9.17885
45.47623,9.2063
45.44921,9.20465
45.4957,9.16334
45.45853,9.18518
45.46506,9.21468
45.49331,9.18427
45.45318,9.20919
45.45698,9.2142
45.44378,9.16051
45.47889,9.24614
45.48696,9.1635
45.4675,9.23126
45.48878,9.16313
45.48986,9.18323
45.46923,9.14998
45.47004,9.15483
45.48071,9.18443
45.50767,9.16623
45.44899,9.19435
45.45045,9.21494
45.44681,9.18679
45.47273,9.23427
45.48107,9.19061
45.48983,9.21275
45.46586,9.16227
45.49932,9.1653
45.49258,9.19431
45.482,9.20878
45.48317,9.21069
45.46519,9.15626
45.48033,9.21985
45.47818,9.11743
45.51049,9.2106
45.44714,9.14545
45.48145,9.20055
45.47577,9.16717
45.47992,9.16207
45.44912,9.21118
45.45913,9.18193
45.43776,9.22121
45.47034,9.24553
45.4676,9.14145
45.46119,9.21444
45.49347,9.13729
45.47299,9.14884
45.44935,9.14909
45.4642,9.21992
45.45307,9.21324
45.44429,9.14944
45.48076,9.17734
45.46283,9.22794
45.47548,9.14523
45.47608,9.21722
45.45995,9.18291
45.47462,9.14961
45.46324,9.14386
45.45198,9.20842
45.49559,9.21588
45.49095,9.16635
45.4603,9.16308
45.49002,9.1914
45.4611,9.15728
45.45046,9.22266
45.49608,9.16954
45.45529,9.20438
45.49383,9.1632
45.47989,9.16206
45.45103,9.19613
45.46452,9.15525
45.45957,9.18296
45.45886,9.17892
45.45635,9.21245
45.44365,9.15504
45.47743,9.16879
45.51229,9.19136
45.48543,9.21068
45.45607,9.15966
45.46079,9.15856
45.46222,9.21246
45.44397,9.18105
45.4802,9.19581
45.4826,9.16889
45.44493,9.21416
45.48969,9.15389
45.49874,9.14577
45.46451,9.16689
45.44906,9.21121
45.46629,9.2161
45.46937,9.22227
45.49027,9.22042
45.46844,9.14215
45.44859,9.19562
45.45466,9.18704
45.49856,9.20753
45.48071,9.18426
45.48214,9.22895
45.47992,9.21459
45.45931,9.15995
45.4829,9.21492
45.46079,9.1583
45.44862,9.21981
45.43558,9.1493
45.48117,9.20963
45.46959,9.17743
45.48517,9.19468
45.47803,9.17585
45.45807,9.16972
45.45823,9.17509
45.45044,9.17995
45.45428,9.17109
45.4715,9.14655
45.44817,9.21336
45.43628,9.18765
45.47722,9.20697
45.48376,9.17214
45.44846,9.19485
45.46954,9.22233
45.46957,9.18466
45.47902,9.17494
45.44156,9.18876
45.48101,9.17484
45.48177,9.23942
45.48638,9.1643
45.4977,9.20472
45.45147,9.14106
45.49492,9.20716
45.44267,9.19475
45.47816,9.21926
45.49501,9.1342
45.48981,9.19171
45.47167,9.21464
45.48493,9.21454
45.47354,9.1446
45.44709,9.16651
45.4687,9.14666
45.48742,9.2332
45.44893,9.18663
45.47883,9.22052
45.457,9.17737
45.47608,9.21722
45.4613,9.22107
45.44754,9.18186
45.46517,9.22661
45.49699,9.14742
45.48281,9.16654
45.4742,9.20596
45.46736,9.1672
45.47761,9.16745
45.49449,9.14523
45.44552,9.16371
45.45553,9.21915
45.44906,9.21121
45.48647,9.24485
45.48451,9.21703
45.46506,9.21468
45.49123,9.23103
45.49306,9.21904
45.44835,9.22202
45.46087,9.14526
45.45536,9.20804
45.45508,9.14856
45.48739,9.18884
45.46182,9.21146
45.49541,9.16986
45.49138,9.21835
45.46642,9.20711
45.45425,9.17306
45.48918,9.18651
45.46643,9.14888
45.50541,9.20074
45.44901,9.19427
45.48184,9.21377
45.48725,9.18711
45.47774,9.169
45.47309,9.21948
45.45468,9.21822
45.45204,9.19933
45.46129,9.16028
45.5048,9.22797
45.48392,9.18015
45.48239,9.22121
45.47608,9.21722
45.48956,9.15272
45.44123,9.15125
45.45151,9.2049
45.46433,9.13656
45.48776,9.16333
45.50952,9.17123
45.43716,9.15068
45.48082,9.14672
45.46519,9.15626
45.48643,9.18868
45.46212,9.13509
45.48757,9.19262
45.46205,9.1378
45.47886,9.20612
45.47671,9.17108
45.47995,9.16946
45.47528,9.15937
45.49162,9.20762
45.49011,9.16484
45.45632,9.22423
45.46761,9.21164
45.49045,9.21248
45.47911,9.21823
45.47401,9.2147
45.4595,9.1709
45.48602,9.21979
45.48028,9.17159
45.49584,9.19845
45.45807,9.16972
45.46793,9.17806
45.45313,9.15631
45.4687,9.17377
45.48364,9.1849
45.48326,9.18111
45.47873,9.24633
45.44191,9.18236
45.49141,9.16747
45.49638,9.19895
45.467,9.21473
45.44252,9.22171
45.45209,9.18288
45.48331,9.18098
45.46362,9.2185
45.4475,9.15547
45.48609,9.2149
45.4559,9.15658
45.4748,9.16716
45.44014,9.22197
45.43682,9.21274
45.48662,9.15836
45.43638,9.19661
45.43947,9.17527
45.44745,9.1585
45.44859,9.16917
45.48094,9.23121
45.47734,9.21939
45.47774,9.17469
45.46454,9.23023
45.46224,9.2271
45.49925,9.19379
45.49033,9.14818
45.47252,9.19439
45.44897,9.17794
45.48361,9.18037
45.45095,9.2046
45.50266,9.22209
45.48986,9.18323
45.44552,9.16371
45.44337,9.17854
45.49473,9.19083
45.4544,9.17627
45.46545,9.15161
45.45012,9.16784
45.45731,9.15656
45.4697,9.17076
45.50478,9.18188
45.45124,9.18946
45.46921,9.1433
45.46078,9.23352
45.47011,9.1636
45.49439,9.18663
45.45337,9.20274
45.45995,9.18291
45.49325,9.18493
45.45695,9.16807
45.48383,9.16659
45.45855,9.21305
45.47654,9.16964
45.45585,9.14557
45.47605,9.16831
45.45458,9.17101
45.45863,9.20628
45.46066,9.22797
45.50465,9.17317
45.44816,9.21345
45.46934,9.22172
45.45168,9.15214
45.44719,9.14362
45.47581,9.14354
45.5091,9.17295
45.50286,9.22549
45.46655,9.17482
45.45685,9.17491
45.49264,9.19042
45.44507,9.16737
45.46472,9.17416
45.47989,9.24577
45.48573,9.21426
45.4777,9.16139
45.44538,9.15838
45.47698,9.21671
45.46859,9.1576
45.45748,9.21969
45.51224,9.19132
45.48797,9.23156
45.43491,9.18299
45.46075,9.22539
45.4907,9.19747
45.46641,9.14916
45.47781,9.17102
45.45896,9.15881
45.50893,9.1772
45.48208,9.21659
45.44377,9.17911
45.48231,9.21067
45.46673,9.13956
45.45951,9.16249
45.45548,9.14459
45.48098,9.18194
45.44238,9.15553
45.43957,9.18178
45.4613,9.22107
45.48079,9.21931
45.4821,9.20957
45.49131,9.2422
45.4453,9.16143
45.45059,9.15804
45.45522,9.20432
45.44923,9.20513
45.45163,9.16938
45.45013,9.21008
45.49126,9.22316
45.46549,9.22191
45.49103,9.12203
45.46655,9.17482
45.45828,9.18562
45.476,9.14824
45.50182,9.17367
45.44896,9.17025
45.47833,9.18175
45.46758,9.21419
45.49976,9.21428
45.44881,9.16974
45.4469,9.16353
45.45654,9.1835
45.44357,9.19658
45.45164,9.20585
45.44893,9.18723
45.48294,9.21006
45.48184,9.21377
45.46844,9.15752
45.46505,9.22066
45.45468,9.21822
45.48053,9.16112
45.45423,9.19189
45.45693,9.15784
45.47972,9.21699
45.45063,9.15728
45.4675,9.18564
45.44861,9.19682
45.49706,9.17807
45.50024,9.18078
45.4555,9.20719
45.46998,9.16529
45.49499,9.18678
45.44936,9.19789
45.4814,9.16718
45.47608,9.14905
45.45678,9.20713
45.4581,9.21193
45.4614,9.2069
45.45587,9.21453
45.49048,9.18797
45.47994,9.18331
45.46372,9.14361
45.45642,9.21245
45.45041,9.2136
45.4931,9.182
45.44409,9.17228
45.44724,9.18002
45.45167,9.19391
45.46968,9.15548
45.49153,9.20109
45.45553,9.21915
45.45212,9.19276
45.49095,9.19395
45.45723,9.1801
45.4827,9.17247
45.48068,9.20916
45.48165,9.2301
45.4849,9.19625
45.47318,9.2235
45.49751,9.16825
45.46152,9.12455
45.4509,9.15913
45.459,9.21465
45.43616,9.1787
45.4802,9.18804
45.49544,9.20768
45.45085,9.20025
45.48039,9.21401
45.43836,9.17502
45.47332,9.16625
45.44344,9.18377
45.43892,9.19862
45.42451,9.17095
45.44377,9.17911
45.44906,9.21121
45.45632,9.17478
45.44753,9.175
45.45096,9.19387
45.44136,9.19241
45.45698,9.2142
45.47958,9.21475
45.47361,9.15864
45.45307,9.21324
45.45877,9.18413
45.45589,9.15923
45.45741,9.12129
45.45162,9.206
45.43091,9.15752
45.47513,9.21484
45.44124,9.15811
45.46445,9.15263
45.44552,9.17798
45.46199,9.22528
45.48262,9.19135
45.46924,9.21852
45.44886,9.217
45.44161,9.1904
45.46821,9.17244
45.47268,9.18699
45.45089,9.15936
45.46853,9.1706
45.49943,9.16519
45.48621,9.23353
45.46641,9.14916
45.47208,9.1677
45.43749,9.18097
45.51099,9.2153
45.45935,9.21338
45.48821,9.22649
45.45061,9.21308
45.48052,9.1612
45.50506,9.175
45.44391,9.15199
45.47694,9.21667
45.46971,9.20678
45.4524,9.18465
45.46655,9.17482
45.44906,9.21121
45.46238,9.23249
45.48092,9.18191
45.47667,9.21092
45.47736,9.17867
45.44075,9.18134
45.45312,9.21258
45.46832,9.14359
45.4555,9.20719
45.45488,9.20504
45.51904,9.20822
45.45297,9.17331
45.46998,9.16529
45.44841,9.18629
45.46683,9.21472
45.43563,9.14959
45.4607,9.22444
45.45855,9.21305
45.4884,9.16053
45.43326,9.18298
45.49484,9.18692
45.45428,9.17109
45.48209,9.16875
45.47072,9.10906
45.45796,9.17011
45.48028,9.17159
45.47476,9.16141
45.471,9.16526
45.49637,9.2012
45.48864,9.22383
45.48146,9.22269
45.46364,9.20327
45.44947,9.14661
45.44239,9.19588
45.4489,9.21871
45.45425,9.20733
45.46737,9.15838
45.46003,9.20028
45.48031,9.18193
45.47754,9.21549
45.48783,9.21898
45.46577,9.16573
45.49846,9.19581
45.44739,9.14549
45.48016,9.2354
45.45937,9.16816
45.45305,9.20511
45.45155,9.15587
45.45465,9.19195
45.48395,9.16769
45.50602,9.20648
45.49941,9.18168
45.47898,9.17498
45.44638,9.16502
45.49141,9.16747
45.47252,9.19439
45.46266,9.21142
45.46362,9.2185
45.48573,9.21426
45.451,9.18573
45.45783,9.21248
45.46932,9.14034
45.50064,9.22525
45.45819,9.17693
45.46129,9.16028
45.48484,9.19642
45.4918,9.20627
45.46478,9.2031
45.47875,9.17068
45.48494,9.19611
45.4848,9.19642
45.4844,9.23501
45.44676,9.1278
45.45374,9.24448
45.46282,9.21205
45.44506,9.17997
45.47535,9.21284
45.45533,9.16781
45.46674,9.15754
45.49058,9.19896
45.45196,9.19575
45.45401,9.20863
45.49541,9.21734
45.49126,9.22316
45.44437,9.16585
45.45031,9.19047
45.45168,9.16934
45.47563,9.13705
45.4898,9.15398
45.4813,9.1685
45.48036,9.16706
45.45711,9.21259
45.43716,9.20038
45.4995,9.2005
45.44936,9.20477
45.45877,9.18413
45.4539,9.17058
45.46052,9.16059
45.4791,9.22032
45.44457,9.15471
45.45755,9.20924
45.45132,9.16124
45.47078,9.21316
45.45808,9.17447
45.4772,9.18623
45.45133,9.16145
45.45198,9.20842
45.48839,9.16519
45.4856,9.20718
45.45298,9.18612
45.45302,9.17327
45.45445,9.19181
45.44173,9.17953
45.44377,9.17911
45.44743,9.21544
45.4825,9.21099
45.45816,9.21183
45.45777,9.21268
45.46282,9.21205
45.47701,9.18523
45.46998,9.16529
45.50457,9.19924
45.49644,9.20223
45.45537,9.19022
45.48548,9.20709
45.48586,9.20847
45.50114,9.20553
45.49413,9.18055
45.46372,9.20947
45.45672,9.17626
45.46058,9.16411
45.45795,9.16137
45.45622,9.22298
45.46726,9.17568
45.48548,9.20708
45.456,9.15982
45.47144,9.18273
45.45353,9.17232
45.46423,9.21352
45.44229,9.17591
45.45767,9.20739
45.48715,9.23326
45.469,9.14726
45.45467,9.21686
45.44975,9.16566
45.46288,9.20747
45.449,9.18075
45.44915,9.18208
45.45778,9.18775
45.44587,9.18071
45.44886,9.20159
45.4546,9.18383
45.45092,9.16863
45.48054,9.17385
45.45863,9.18414
45.48357,9.21155
45.44751,9.18119
45.47701,9.18523
45.43875,9.19232
45.47663,9.1992
45.46793,9.22236
45.45121,9.20614
45.45266,9.18609
45.45392,9.17067
45.49365,9.18013
45.4495,9.20049
45.45605,9.20544
45.45305,9.20511
45.49811,9.18639
45.44886,9.16199
45.43968,9.22204
45.46044,9.17536
45.47787,9.17996
45.4825,9.21099
45.44937,9.20929
45.45169,9.20842
45.46709,9.1447
45.46024,9.12939
45.4816,9.23428
45.48855,9.16265
45.44346,9.18528
45.48002,9.19333
45.44164,9.1795
45.48276,9.16419
45.48839,9.16519
45.43503,9.19832
45.49088,9.21807
45.47551,9.14968
45.45906,9.16656
45.43846,9.17468
45.47252,9.19439
45.47607,9.14429
45.48914,9.21011
45.48075,9.20979
45.46627,9.21216
45.43718,9.16067
45.45369,9.1686
45.45781,9.21273
45.45163,9.16938
45.4678,9.14752
45.45488,9.16946
45.4681,9.13719
45.45488,9.20504
45.47719,9.18853
45.44075,9.17864
45.47912,9.2212
45.48709,9.16526
45.48484,9.19642
45.47498,9.14186
45.47045,9.15131
45.48889,9.18404
45.4481,9.18687
45.47397,9.18794
45.45292,9.17447
45.45274,9.18138
45.4352,9.1836
45.49148,9.19421
45.47547,9.18405
45.46741,9.15067
45.4531,9.17929
45.45726,9.21931
45.49141,9.19484
45.47666,9.19014
45.48562,9.20712
45.4855,9.20709
45.45012,9.16784
45.45895,9.20939
45.48546,9.20707
45.45741,9.17516
45.45298,9.17346
45.48796,9.18949
45.44875,9.16126
45.45435,9.17767
45.44512,9.18432
45.4975,9.22631
45.44861,9.19639
45.46053,9.16046
45.48644,9.21327
45.47144,9.18273
45.45788,9.15471
45.51256,9.22227
45.45392,9.17067
45.44989,9.19408
45.45735,9.14499
45.45468,9.17709
45.4876,9.16787
45.44917,9.1888
45.4857,9.22355
45.4844,9.20066
45.45283,9.17545
45.4821,9.21479
45.44781,9.2143
45.4623,9.20846
45.45255,9.1764
45.47385,9.15011
45.45586,9.21714
45.47663,9.1992
45.48567,9.20723
45.44413,9.21392
45.44705,9.16348
45.453,9.1644
45.44424,9.17652
45.44682,9.17959
45.44755,9.18001
45.43427,9.19722
45.45545,9.16023
45.45815,9.16991
45.46364,9.22797
45.47607,9.14429
45.44707,9.16619
45.4441,9.17598
45.46996,9.21596
45.44372,9.21867
45.43697,9.21061
45.4844,9.20066
45.44807,9.14097
45.48651,9.16775
45.51316,9.20606
45.48223,9.22274
45.46631,9.21473
45.47784,9.16423
45.44244,9.19359
45.46019,9.17316
45.468,9.13841
45.4623,9.20597
45.44637,9.17919
45.45605,9.20544
45.45871,9.19157
45.43415,9.20101
45.47078,9.21316
45.44992,9.17758
45.46237,9.19352
45.45521,9.1787
45.50187,9.19728
45.49058,9.19896
45.44422,9.17921
45.47484,9.21482
45.46086,9.19678
45.45291,9.1493
45.46609,9.19326
45.45958,9.1594
45.48006,9.16505
45.47358,9.21397
45.49388,9.14361
45.47666,9.19014
45.47833,9.17023
45.46014,9.18777
45.5038,9.1744
45.44679,9.14386
45.46053,9.16046
45.44229,9.17591
45.45965,9.18275
45.47791,9.21721
45.4483,9.22217
45.45853,9.19209
45.45816,9.21332
45.45745,9.18047
45.47662,9.16977
45.44941,9.19685
45.49373,9.15709
45.46297,9.16507
45.47662,9.14427
45.48213,9.18268
45.47991,9.19222
45.45712,9.17057
45.46885,9.2059
45.46293,9.16504
45.46399,9.15495
45.45214,9.18759
45.4783,9.21835
45.46282,9.16487
45.45298,9.17346
45.50198,9.20855
45.44915,9.18208
45.44908,9.17075
45.47647,9.20584
45.4512,9.21789
45.45443,9.20605
45.45815,9.16991
45.48397,9.19719
45.50239,9.21175
45.45795,9.16137
45.44862,9.19627
45.45213,9.19989
45.465,9.16446
45.50181,9.20843
45.49058,9.19896
45.47488,9.21474
45.47608,9.14905
45.46367,9.20966
45.44865,9.18159
45.45097,9.19235
45.48008,9.23372
45.45325,9.1723
45.45965,9.18275
45.50478,9.22221
45.48107,9.20789
45.48986,9.18323
45.45244,9.21104
45.48124,9.20811
45.47581,9.14354
45.48122,9.20808
45.48567,9.20736
45.46955,9.15629
45.46645,9.15086
45.48552,9.20713
45.46998,9.23495
45.46041,9.17385
45.48006,9.16505
45.48688,9.16015
45.46919,9.1901
45.44619,9.15569
45.4642,9.18056
45.508,9.21454
45.48587,9.20747
45.45431,9.2053
45.45282,9.19799
45.4465,9.19519
45.48077,9.2077
45.46461,9.143
45.45468,9.17709
45.49912,9.2219
45.49135,9.14918
45.48897,9.22958
45.43962,9.18184
45.41827,9.17525
45.4482,9.16848
45.43682,9.18086
45.46152,9.18146
45.48567,9.20723
45.46833,9.20866
45.486,9.22019
45.48709,9.16526
45.51832,9.22649
45.45719,9.16363
45.46245,9.19651
45.46152,9.12455
45.4854,9.15472
45.4781,9.1479
45.48075,9.17734
45.48299,9.18328
45.45408,9.17103
45.45264,9.149
45.48903,9.18805
45.46752,9.16003
45.45077,9.20571
45.46125,9.19001
45.44866,9.20867
45.45888,9.15418
45.46885,9.2059
45.48299,9.18326
45.50536,9.20842
45.45312,9.21258
45.45823,9.20775
45.45392,9.17067
45.44293,9.20315
45.48567,9.20715
45.47672,9.21002
45.45235,9.16996
45.46903,9.15019
45.45815,9.16991
45.48545,9.20705
45.48557,9.2072
45.45435,9.20525
45.45971,9.16601
45.51946,9.19206
45.51976,9.19173
45.4953,9.17036
45.46356,9.14966
45.47133,9.12977
45.49032,9.15321
45.50133,9.2115
45.48555,9.20717
45.48322,9.23243
45.45962,9.21175
45.49519,9.21677
45.46022,9.16471
45.4599,9.17704
45.49722,9.18252
45.48271,9.18106
45.4375,9.20032
45.47701,9.2085
45.45864,9.18996
45.45679,9.19921
45.46052,9.1876
45.48242,9.24166
45.50105,9.18952
45.45077,9.20571
45.47949,9.20071
45.48611,9.20668
45.46311,9.15316
45.48027,9.18041
45.45353,9.18349
45.45435,9.17767
45.44691,9.16609
45.45025,9.24149
45.45666,9.19484
45.44865,9.18159
45.46917,9.15164
45.46726,9.20863
45.45755,9.20924
45.47264,9.21116
45.45122,9.20775
45.46645,9.16604
45.46087,9.14526
45.46127,9.21139
45.43828,9.22913
45.44745,9.1585
45.4555,9.20719
45.48504,9.20663
45.45479,9.16306
45.48555,9.20713
45.47861,9.21391
45.48578,9.20746
45.4664,9.14881
45.45153,9.20016
45.48003,9.21103
45.44017,9.18976
45.49566,9.21739
45.47999,9.21104
45.4783,9.21835
45.4559,9.17918
45.44999,9.19555
45.48758,9.16773
45.46245,9.19651
45.48107,9.20789
45.45339,9.18453
45.48075,9.17734
45.47756,9.17998
45.45094,9.19233
45.47512,9.14208
45.48205,9.18241
45.47733,9.17615
45.46726,9.20863
45.47848,9.21229
45.44901,9.19427
45.45153,9.20016
45.47226,9.21015
45.45888,9.15418
45.45567,9.20748
45.44017,9.18976
45.49704,9.21143
45.45955,9.18197
45.4602,9.17683
45.47606,9.14888
45.48952,9.21299
45.48205,9.18241
45.45093,9.19211
45.48248,9.1666
45.48424,9.18185
45.45524,9.18388
45.44625,9.18712
45.48081,9.22515
45.47708,9.16214
45.50182,9.17382
45.44535,9.16372
45.48887,9.18939
45.45053,9.1904
45.45363,9.17468
45.45816,9.21183
45.44194,9.15353
45.44528,9.16753
45.46369,9.15345
45.47755,9.1955
45.44989,9.20562
45.46722,9.15511
45.47337,9.15352
45.44471,9.16754
45.45787,9.20847
45.47885,9.20743
45.47947,9.21006
45.48335,9.17022
45.43313,9.17882
45.45244,9.21104
45.46961,9.16297
45.48289,9.14378
45.47425,9.21539
45.46938,9.17124
45.48493,9.19628
45.45684,9.17158
45.48487,9.19634
45.45654,9.19493
45.48021,9.17767
45.45529,9.20192
45.45871,9.19157
45.48289,9.19801
45.4778,9.21151
45.48485,9.19636
45.47558,9.21458
45.4492,9.19545
45.47999,9.21104
45.47238,9.14821
45.48008,9.2111
45.44795,9.20383
45.45782,9.15465
45.45132,9.16124
45.43431,9.24096
45.45136,9.18864
45.47317,9.15941
45.44439,9.16607
45.46016,9.18091
45.48623,9.19973
45.4474,9.16327
45.45052,9.18736
45.47755,9.1955
45.47769,9.18881
45.47123,9.15231
45.45626,9.17017