origin_id,dest_id,count
0,370,1
1,25,1
1,102,1
1,229,1
2,171,1
3,19,1
3,73,1
4,450,1
5,1,1
6,243,1
7,340,1
8,164,1
9,137,1
9,402,1
10,101,1
11,77,1
11,217,1
12,12,1
12,81,1
12,183,1
12,208,1
13,208,1
14,377,1
15,482,1
16,65,1
16,355,1
17,39,1
17,58,1
17,71,1
18,111,1
18,551,1
19,202,1
20,169,1
21,177,1
22,24,1
23,40,1
24,58,1
24,113,1
25,1,1
25,75,1
25,252,1
25,415,1
26,90,1
27,292,1
27,331,1
28,244,1
28,468,1
28,508,1
29,162,1
30,97,2
30,100,1
30,403,1
31,119,1
31,177,1
31,247,1
32,33,1
32,66,1
33,34,1
33,138,5
33,165,1
33,219,1
33,246,1
33,259,1
33,481,1
33,547,1
34,44,1
34,114,1
34,162,1
34,175,1
34,250,1
34,287,1
34,294,1
34,319,1
34,375,1
34,441,1
35,7,1
35,68,1
35,138,3
35,211,1
35,216,1
35,242,1
35,248,1
35,268,1
35,285,1
35,329,1
35,332,1
35,371,1
35,372,1
35,404,1
35,673,1
36,180,1
37,356,1
38,96,1
39,64,1
39,137,2
39,140,1
39,141,1
39,143,1
39,166,1
39,217,1
39,224,1
39,381,1
39,579,1
40,12,1
40,70,1
40,80,1
40,133,1
40,138,1
40,139,1
40,201,1
40,214,1
40,246,1
41,202,1
41,294,1
41,298,1
41,328,1
41,340,1
42,35,1
42,172,1
43,51,1
44,79,1
45,142,1
45,331,1
46,109,1
46,112,1
46,138,1
47,43,1
48,211,1
49,542,1
50,12,1
50,50,1
50,63,1
50,115,1
51,12,1
51,62,1
51,80,1
51,183,1
52,218,1
52,248,1
53,11,1
53,237,1
54,361,1
55,167,1
56,152,1
57,92,1
57,132,1
57,140,1
57,244,2
57,329,1
58,93,1
58,130,1
58,164,1
58,517,1
59,138,1
59,147,1
59,176,1
59,327,1
59,429,1
60,79,1
60,124,1
60,392,1
61,162,1
61,210,1
62,82,1
62,167,1
62,169,1
62,172,1
62,294,2
63,50,1
63,51,1
63,71,1
63,88,1
63,97,1
63,204,1
64,96,1
64,97,1
64,99,1
64,123,1
64,133,1
64,180,1
65,3,1
65,32,1
65,138,1
65,140,1
65,168,1
65,172,1
65,177,1
65,178,1
65,282,1
65,487,1
65,595,1
66,39,1
66,88,1
66,99,1
66,114,1
66,131,1
66,135,1
66,136,1
66,138,1
66,166,1
66,364,1
66,366,1
66,375,1
66,478,1
67,478,1
67,98,1
67,127,1
67,139,2
67,165,1
67,173,2
67,205,1
67,244,2
67,258,1
67,259,1
67,283,1
67,329,1
67,369,1
67,376,1
67,565,1
67,587,1
68,137,1
68,220,1
68,245,1
68,257,1
68,332,1
68,444,1
69,46,1
69,69,1
69,110,1
69,138,1
69,244,1
69,288,1
69,419,1
69,476,1
69,542,1
70,26,1
70,40,1
70,70,1
70,138,1
70,140,1
70,146,1
70,170,1
70,180,1
70,327,1
70,448,1
70,542,1
71,34,2
71,136,1
71,138,2
71,172,1
71,208,1
71,286,1
71,299,1
71,446,1
71,447,1
72,252,1
72,313,1
72,517,1
72,602,1
73,12,1
73,24,1
73,208,1
73,268,1
73,283,1
73,292,1
73,341,1
74,47,1
74,114,1
74,139,1
74,180,1
74,221,1
74,256,1
74,280,1
74,342,1
75,102,1
75,175,1
75,253,1
75,400,1
76,139,1
76,234,1
76,371,1
77,73,1
77,136,1
77,322,1
77,473,1
78,46,1
78,109,1
78,138,3
78,332,1
78,343,1
79,39,1
79,61,1
79,135,1
79,143,1
79,145,1
79,215,1
79,218,1
79,643,1
80,136,1
80,138,2
80,202,1
80,222,1
80,304,1
80,382,1
81,186,1
81,259,1
82,220,1
82,264,1
83,53,1
84,268,1
84,418,1
85,281,1
85,481,1
86,155,1
86,211,1
86,211,1
87,167,1
87,275,1
88,66,1
88,106,1
89,165,3
89,353,1
90,58,1
90,132,1
90,164,1
90,167,1
90,172,1
90,260,1
90,327,1
90,442,1
91,97,1
91,178,1
91,217,1
91,253,1
91,315,1
91,316,1
91,484,1
91,546,1
92,106,1
92,115,1
92,166,1
92,180,1
92,293,1
92,332,1
92,472,1
93,92,1
93,96,2
93,124,1
93,128,1
93,129,1
93,137,1
93,139,1
93,202,1
93,208,1
93,211,1
93,278,1
93,279,2
93,280,2
93,282,1
93,286,1
93,375,1
93,417,1
94,129,2
94,135,1
94,138,1
94,164,1
94,165,1
94,249,1
94,410,1
94,518,1
95,68,1
95,110,1
95,130,1
95,139,1
95,142,1
95,196,1
95,247,1
95,296,1
96,59,1
96,94,1
96,101,1
96,160,1
96,166,1
96,204,1
96,253,1
96,254,1
96,278,1
96,279,2
96,284,1
96,407,1
96,435,1
96,448,1
97,16,1
97,68,1
97,92,1
97,94,1
97,99,1
97,148,1
97,202,1
97,242,1
98,65,1
98,109,1
98,176,1
98,201,1
98,215,1
98,251,1
98,448,1
98,555,1
99,64,1
99,138,1
99,172,1
99,174,1
99,201,1
99,204,1
99,213,1
99,297,1
99,301,1
99,374,1
99,400,1
100,27,1
100,40,1
100,132,1
100,140,1
100,142,1
100,143,2
100,168,1
100,175,1
100,258,1
100,281,1
100,303,1
100,445,1
100,488,1
101,0,1
101,95,1
101,100,1
101,143,1
101,169,1
101,172,1
101,218,1
101,258,1
101,296,1
101,328,1
101,337,1
101,339,1
101,403,1
101,405,1
101,447,1
101,454,1
101,523,1
102,138,1
102,147,1
102,178,1
102,212,1
102,217,1
102,256,1
102,262,1
102,283,2
102,449,1
103,36,1
103,133,1
103,145,1
103,166,1
103,218,1
104,135,1
105,61,1
105,139,1
105,143,1
105,170,1
105,189,1
105,219,1
105,285,1
105,289,1
105,377,1
106,136,1
106,138,1
106,139,1
106,140,2
106,143,2
106,172,1
106,286,1
107,79,1
107,249,1
107,379,1
108,289,1
108,342,1
109,70,1
109,76,1
109,150,1
109,173,1
109,179,1
109,215,1
109,218,1
109,298,1
109,371,1
109,446,1
109,475,1
110,18,1
110,108,1
110,179,1
110,204,1
110,218,1
110,297,1
110,297,1
110,357,1
110,410,1
110,644,1
111,49,1
112,41,1
112,164,1
112,168,1
112,263,1
112,513,1
113,140,1
113,177,1
113,256,1
113,447,1
114,264,1
114,299,1
114,620,1
115,620,1
115,51,1
115,128,1
116,168,1
117,33,1
118,157,1
119,157,1
119,96,1
120,169,1
121,383,1
122,124,1
122,159,1
122,287,1
122,374,1
122,542,1
123,215,1
123,256,1
123,318,1
123,542,1
124,64,1
124,280,1
124,354,1
124,554,1
125,244,2
125,258,1
125,467,1
126,100,1
126,206,1
126,257,1
126,274,1
126,295,1
126,368,1
127,64,1
127,133,1
127,164,1
127,167,1
127,272,1
127,328,1
127,433,1
128,28,1
128,136,1
128,207,1
128,211,1
128,248,1
128,259,1
128,294,1
129,65,1
129,127,1
129,130,1
129,173,1
129,219,1
129,256,1
129,282,1
129,285,1
129,287,1
129,328,1
129,437,1
130,130,1
130,131,1
130,133,1
130,138,1
130,172,1
130,201,1
130,203,2
130,207,1
130,293,1
130,340,1
130,352,1
130,404,1
130,450,1
131,131,1
131,135,1
131,146,1
131,169,1
131,171,1
131,172,1
131,184,1
131,202,1
131,217,1
131,249,1
131,370,1
131,409,1
131,414,1
131,551,1
131,635,1
132,635,1
132,133,1
132,158,1
132,163,1
132,166,1
132,167,2
132,208,1
132,243,1
132,276,1
132,329,1
132,363,1
132,434,1
132,445,1
133,34,1
133,40,1
133,62,1
133,90,1
133,100,1
133,174,1
133,296,1
133,335,1
133,350,1
133,354,1
133,370,1
134,79,1
134,142,1
134,157,1
134,476,1
135,32,1
135,67,1
135,115,1
135,131,1
135,143,2
135,153,1
135,244,1
135,349,1
135,364,1
135,408,1
135,440,1
135,455,1
135,581,1
135,603,1
136,70,1
136,96,1
136,101,1
136,103,1
136,136,1
136,140,1
136,144,1
136,166,1
136,176,1
136,180,1
136,209,1
136,211,1
136,265,1
136,266,1
136,281,1
136,333,2
136,339,1
136,437,1
136,444,1
136,448,1
136,451,1
136,524,1
136,552,1
137,31,1
137,66,1
137,69,1
137,144,1
137,167,1
137,301,1
137,418,1
138,30,1
138,34,1
138,35,1
138,39,1
138,53,1
138,65,1
138,67,2
138,70,1
138,74,1
138,93,1
138,99,1
138,101,1
138,105,2
138,106,1
138,134,1
138,138,1
138,139,1
138,140,1
138,143,2
138,161,1
138,179,1
138,202,2
138,204,1
138,208,1
138,213,1
138,238,1
138,244,1
138,245,1
138,249,1
138,250,3
138,257,1
138,286,1
138,290,1
138,320,1
138,326,1
138,343,1
138,359,1
138,378,1
138,412,1
138,441,2
138,447,1
138,605,1
138,631,1
138,666,1
139,25,1
139,34,1
139,39,1
139,57,1
139,67,1
139,69,1
139,104,1
139,105,1
139,144,3
139,207,1
139,210,1
139,217,1
139,257,1
139,320,1
139,328,1
139,370,1
139,382,1
139,414,1
139,416,1
139,449,1
139,562,1
140,57,1
140,62,1
140,102,1
140,105,3
140,106,1
140,136,1
140,139,1
140,141,1
140,143,1
140,168,1
140,207,1
140,217,1
140,258,1
140,262,1
140,293,1
140,295,1
140,299,1
140,325,1
141,25,1
141,34,1
141,39,1
141,76,1
141,83,1
141,102,1
141,132,1
141,205,1
141,301,1
141,369,1
141,376,1
141,404,1
141,415,1
141,443,1
141,447,1
142,66,1
142,95,1
142,143,1
142,146,1
142,163,1
142,167,1
142,172,1
142,217,1
142,219,1
142,220,1
142,243,1
142,245,1
142,301,1
142,316,1
142,362,1
142,457,1
142,457,1
143,39,1
143,48,1
143,51,1
143,67,1
143,74,1
143,105,1
143,129,1
143,139,1
143,141,1
143,148,1
143,249,2
143,255,1
143,265,1
143,309,1
143,375,1
143,453,1
143,454,1
143,563,1
143,600,1
144,134,1
144,136,1
144,144,1
144,145,1
144,169,1
144,172,1
144,211,1
144,212,1
144,213,1
144,221,1
144,261,1
144,295,1
144,299,1
144,342,1
144,362,1
144,373,1
144,376,1
144,403,1
145,71,1
145,110,2
145,132,1
145,147,1
145,148,1
145,149,1
145,181,1
145,213,1
145,215,1
145,219,1
145,299,1
145,366,1
145,375,1
145,405,1
145,429,1
145,666,1
146,666,1
146,70,1
146,133,1
146,141,1
146,148,1
146,171,1
146,183,1
146,185,1
146,219,1
146,221,1
146,258,1
146,340,1
146,380,1
147,63,1
147,133,1
147,138,1
147,148,1
147,151,1
147,166,1
147,211,1
147,217,1
147,279,1
147,288,1
147,332,1
147,335,1
148,50,1
148,136,1
148,146,1
148,171,1
148,218,1
149,144,2
149,146,1
149,206,1
149,214,1
149,222,1
149,274,1
149,371,1
149,570,1
150,173,1
150,340,1
151,71,1
152,27,1
153,198,1
153,331,1
154,422,1
155,164,1
155,615,1
156,249,1
156,273,1
156,448,1
157,95,1
157,247,1
157,349,1
158,133,1
158,158,1
158,201,1
158,210,1
158,426,1
159,165,2
159,242,1
159,284,1
159,431,1
160,57,1
160,131,1
160,165,1
160,196,1
160,207,1
160,473,1
161,123,1
161,145,1
161,172,1
161,205,1
161,223,1
161,273,1
161,284,1
161,429,1
161,469,1
162,35,1
162,60,1
162,201,1
162,244,1
162,264,1
162,323,1
162,402,1
162,434,1
163,30,1
163,85,1
163,96,1
163,127,1
163,169,1
163,176,1
163,192,1
163,202,1
163,206,1
163,208,1
163,240,1
163,253,1
163,277,1
163,354,1
163,367,1
163,448,1
164,57,1
164,66,2
164,90,1
164,94,1
164,141,1
164,200,1
164,211,1
164,242,1
164,247,1
164,255,1
164,280,1
164,307,1
164,318,1
164,325,1
164,327,1
164,337,1
164,362,1
164,368,1
164,475,1
164,482,1
164,482,1
165,93,1
165,96,1
165,109,1
165,122,1
165,163,1
165,164,1
165,179,1
165,204,1
165,210,1
165,213,1
165,244,1
165,246,1
165,252,1
165,275,1
165,284,1
165,337,1
165,381,1
165,399,1
165,401,1
165,403,1
165,415,1
165,540,1
165,619,1
166,33,1
166,67,1
166,73,1
166,94,1
166,135,1
166,139,1
166,142,1
166,157,1
166,169,1
166,172,2
166,180,1
166,206,1
166,218,1
166,219,1
166,233,1
166,260,1
166,281,1
166,282,1
166,284,1
166,292,1
166,319,1
166,333,1
166,354,1
166,398,1
166,403,1
167,11,1
167,33,1
167,86,1
167,91,1
167,96,1
167,123,1
167,138,1
167,140,1
167,167,1
167,205,1
167,206,1
167,209,1
167,276,2
167,284,1
167,361,1
167,373,1
167,375,1
167,441,1
167,445,1
168,42,1
168,68,1
168,93,1
168,94,1
168,95,1
168,99,2
168,101,1
168,131,2
168,134,1
168,141,1
168,147,1
168,166,1
168,169,1
168,172,1
168,183,1
168,185,1
168,187,1
168,212,2
168,213,1
168,220,1
168,255,1
168,261,1
168,317,1
168,368,1
168,478,1
169,63,1
169,66,1
169,93,2
169,96,1
169,105,1
169,127,1
169,132,1
169,141,1
169,144,2
169,163,1
169,202,1
169,204,1
169,211,1
169,219,1
169,264,1
169,327,1
169,331,1
169,568,1
170,52,1
170,65,1
170,93,1
170,170,1
170,175,1
170,179,1
170,209,1
170,214,1
170,256,1
170,297,1
170,299,1
170,326,1
170,362,1
170,375,1
170,376,1
170,400,1
171,100,1
171,161,1
171,169,1
171,213,1
171,240,1
171,257,2
171,369,1
171,378,1
172,5,1
172,41,1
172,43,1
172,76,1
172,100,1
172,109,1
172,128,1
172,131,1
172,142,1
172,145,1
172,161,1
172,166,1
172,173,1
172,175,1
172,178,1
172,181,1
172,199,1
172,204,1
172,211,1
172,233,1
172,239,1
172,243,1
172,262,1
172,278,1
172,287,1
172,288,1
172,315,1
172,316,1
172,368,1
172,409,1
172,427,1
172,436,1
172,477,1
172,505,1
173,65,1
173,79,1
173,91,1
173,95,1
173,101,1
173,103,1
173,149,1
173,166,1
173,204,1
173,215,1
173,256,1
173,288,1
173,320,2
173,328,1
173,331,1
173,353,1
173,407,1
173,450,1
173,554,1
174,65,1
174,106,2
174,176,1
174,177,1
174,209,1
174,210,1
174,211,1
174,218,1
174,296,1
174,328,1
174,329,1
174,330,1
174,356,1
174,374,1
174,398,1
174,561,1
175,64,1
175,72,1
175,100,1
175,141,1
175,172,1
175,219,1
175,249,1
175,289,1
175,328,1
175,355,1
175,369,1
175,435,1
175,447,1
175,449,1
175,483,1
175,507,1
176,33,1
176,77,1
176,97,1
176,106,1
176,131,1
176,139,1
176,145,1
176,146,1
176,177,1
176,218,1
176,288,1
176,321,1
176,362,1
176,404,1
177,1,1
177,28,1
177,102,1
177,139,1
177,140,1
177,141,1
177,177,1
177,211,1
177,213,1
177,255,1
177,257,1
177,258,1
177,280,1
177,281,1
177,283,2
177,300,1
177,373,1
177,396,1
177,396,1
177,434,1
177,448,1
177,452,1
177,521,1
177,571,1
178,3,1
178,34,1
178,41,1
178,80,1
178,93,1
178,106,1
178,109,1
178,113,1
178,139,1
178,166,1
178,257,1
178,284,1
178,301,1
178,332,2
178,335,1
178,356,1
178,368,1
178,454,1
179,49,1
179,98,1
179,103,1
179,136,1
179,169,1
179,170,1
179,172,1
179,175,1
179,183,1
179,183,1
179,202,1
179,206,1
179,244,1
179,253,1
179,259,1
179,305,1
179,332,1
179,334,1
179,336,1
179,342,1
179,402,1
179,413,1
180,50,1
180,71,1
180,113,1
180,141,1
180,169,1
180,179,1
180,207,2
180,208,1
180,210,1
180,211,1
180,213,1
180,217,1
180,236,1
180,252,1
180,262,1
180,265,1
180,337,1
180,338,1
180,374,1
180,407,1
180,412,1
180,447,1
180,449,1
180,486,1
180,522,1
181,68,1
181,81,1
181,101,1
181,177,1
181,180,1
181,246,1
181,249,1
181,250,1
181,261,1
181,297,1
181,375,1
181,441,1
181,456,1
182,64,1
182,247,1
182,261,1
182,272,1
182,343,1
182,377,1
182,452,1
183,73,1
183,109,1
183,140,1
183,143,1
183,217,1
183,219,1
183,240,1
183,327,1
183,380,1
184,146,1
184,168,1
185,143,1
185,263,1
185,377,1
186,264,1
186,494,1
187,146,1
187,147,1
188,245,1
188,527,1
189,141,1
189,370,1
189,409,1
190,156,1
190,305,1
191,551,1
192,35,1
193,195,1
194,195,1
195,161,1
195,170,1
195,283,1
195,429,1
195,472,1
196,163,1
196,269,1
196,278,1
197,329,1
198,179,1
198,210,1
198,241,1
199,129,1
199,369,1
199,456,1
200,95,1
200,197,1
200,210,1
200,217,1
200,242,1
200,314,1
200,393,1
200,516,1
201,96,1
201,135,1
201,163,1
201,198,1
201,253,1
201,281,1
201,286,1
201,327,1
201,448,1
202,20,1
202,73,1
202,91,1
202,124,1
202,166,1
202,167,1
202,169,1
202,175,1
202,177,1
202,179,1
202,190,1
202,201,1
202,205,1
202,206,1
202,242,1
202,247,1
202,249,1
202,273,1
202,281,1
202,283,1
202,288,1
202,314,1
202,327,1
202,357,1
202,363,1
202,395,1
202,447,1
202,448,2
202,477,1
202,477,1
202,618,1
202,642,1
203,35,1
203,95,1
203,110,1
203,130,1
203,141,1
203,183,1
203,203,1
203,206,1
203,209,1
203,215,1
203,268,1
203,285,1
203,375,1
203,397,1
203,411,1
203,433,1
203,447,1
203,490,1
204,127,1
204,159,1
204,164,1
204,170,1
204,209,1
204,249,1
204,256,1
204,285,1
204,316,1
204,319,1
204,330,1
204,362,1
204,400,1
204,401,1
204,406,1
204,468,1
204,495,1
205,138,1
205,142,1
205,169,1
205,178,1
205,210,1
205,255,1
205,262,1
205,276,1
205,278,1
205,549,1
205,578,1
206,34,1
206,66,1
206,90,1
206,96,1
206,124,1
206,126,1
206,132,2
206,136,1
206,165,1
206,168,1
206,176,1
206,180,1
206,203,1
206,204,1
206,243,1
206,289,1
206,317,1
206,360,1
206,516,1
206,656,1
207,93,1
207,127,1
207,139,1
207,149,1
207,159,1
207,163,1
207,164,1
207,170,1
207,211,1
207,250,1
207,277,1
207,280,2
207,298,1
207,359,1
207,376,1
207,447,1
207,548,1
208,548,1
208,93,1
208,94,1
208,100,1
208,112,1
208,138,1
208,178,1
208,180,1
208,201,1
208,203,1
208,206,1
208,207,1
208,218,1
208,281,1
208,290,1
208,319,1
208,369,1
208,392,1
208,396,1
208,403,1
208,417,1
208,471,1
208,476,1
208,527,1
209,38,1
209,52,1
209,91,1
209,92,1
209,128,1
209,166,1
209,173,2
209,174,1
209,182,1
209,204,1
209,217,1
209,220,1
209,251,1
209,254,1
209,272,1
209,279,1
209,280,1
209,290,1
209,300,1
209,315,1
209,364,1
209,374,1
209,377,1
209,415,1
209,447,1
210,12,1
210,35,1
210,100,1
210,138,2
210,142,1
210,169,1
210,219,1
210,253,1
210,320,2
210,375,1
210,450,1
210,457,1
210,527,1
210,603,1
211,25,1
211,38,1
211,62,1
211,63,1
211,65,1
211,128,1
211,136,1
211,139,1
211,142,1
211,144,1
211,160,1
211,164,1
211,173,1
211,182,1
211,201,1
211,211,2
211,242,1
211,255,1
211,260,1
211,284,1
211,296,1
211,322,1
211,332,1
211,334,1
211,360,1
211,375,1
211,377,1
211,394,1
211,405,1
211,408,1
211,418,1
211,452,1
211,479,1
211,507,1
212,37,1
212,141,1
212,168,1
212,243,1
212,251,1
212,254,1
212,261,1
212,281,1
212,441,1
212,448,1
212,484,1
213,72,1
213,138,1
213,163,1
213,168,1
213,169,1
213,202,1
213,213,1
213,236,1
213,240,1
213,256,3
213,292,1
213,296,1
213,330,1
213,332,1
213,364,1
213,374,1
213,477,2
213,665,1
214,145,1
214,172,1
214,398,1
214,456,1
214,590,1
215,136,1
215,139,1
215,164,1
215,165,1
215,172,1
215,174,1
215,211,1
215,248,1
215,250,1
215,281,1
215,301,1
215,404,1
215,417,1
215,517,1
216,166,1
216,172,1
216,208,1
216,211,1
216,283,1
216,293,1
216,406,2
216,484,1
217,72,1
217,100,1
217,127,1
217,149,2
217,172,1
217,180,1
217,183,1
217,218,1
217,222,1
217,253,1
217,294,1
217,333,1
217,358,1
217,372,1
217,381,1
217,383,1
217,383,1
217,383,1
218,383,1
218,99,1
218,101,1
218,145,1
218,148,1
218,171,1
218,202,1
218,218,2
218,254,1
218,263,1
218,296,1
218,336,1
218,337,1
218,363,1
218,376,1
218,383,1
218,400,1
218,407,1
218,447,1
218,470,1
218,471,1
218,568,1
219,77,1
219,80,1
219,140,1
219,160,1
219,170,1
219,177,1
219,180,1
219,237,1
219,262,1
219,285,1
219,295,1
219,296,1
219,297,1
219,303,1
219,330,1
219,369,1
219,406,1
219,413,1
219,441,1
219,457,1
220,17,1
220,51,1
220,228,1
220,263,1
220,401,1
220,414,1
220,568,1
221,62,1
221,74,1
221,76,1
221,107,1
221,137,1
221,145,1
221,209,1
221,255,1
221,258,1
221,333,1
221,404,1
221,450,1
221,619,1
222,416,1
222,444,1
222,490,1
223,40,1
223,556,1
224,403,1
225,487,1
226,226,1
226,339,1
227,296,1
227,368,1
228,97,1
229,1,1
229,193,1
230,236,1
231,231,1
231,271,1
231,316,1
232,232,1
232,399,1
233,144,1
234,138,1
234,161,1
234,201,1
234,235,1
234,236,2
234,327,1
234,391,1
234,464,1
235,165,1
235,232,1
235,236,1
235,278,1
235,286,1
235,399,1
235,618,1
236,174,1
236,191,1
236,195,1
236,218,1
236,230,1
236,234,1
236,273,1
236,289,1
236,346,1
237,346,1
237,199,1
237,261,1
237,273,1
237,276,1
237,288,1
237,319,1
237,337,1
237,400,1
237,474,1
238,138,1
238,312,1
238,316,1
238,322,1
238,476,1
239,110,1
239,209,1
239,217,1
239,282,1
239,317,1
239,327,1
239,353,1
239,354,1
239,355,1
239,408,1
239,410,1
239,437,1
240,124,1
240,159,1
240,169,1
240,198,1
240,200,1
240,232,1
240,241,1
240,245,1
240,249,1
240,250,1
240,257,1
240,290,1
240,297,1
240,310,1
240,350,1
240,395,1
240,399,1
240,407,2
240,410,1
240,432,1
240,441,1
240,446,1
240,471,1
240,481,2
241,138,1
241,139,1
241,142,1
241,163,1
241,208,1
241,209,1
241,247,1
241,252,1
241,278,1
241,283,1
241,284,1
241,370,1
241,400,1
241,402,1
241,430,1
241,451,1
241,518,1
242,34,1
242,61,1
242,63,1
242,66,1
242,142,1
242,174,1
242,201,1
242,203,1
242,211,2
242,242,1
242,246,1
242,250,1
242,286,2
242,290,1
242,322,2
242,324,1
242,331,1
242,398,1
242,497,1
242,506,1
242,580,1
243,35,1
243,121,1
243,165,1
243,167,1
243,172,1
243,178,1
243,212,1
243,240,1
243,246,1
243,258,1
243,278,1
243,281,1
243,318,1
243,321,1
243,353,1
243,370,1
243,375,1
243,435,1
243,542,1
243,550,1
244,67,1
244,87,1
244,156,1
244,159,1
244,177,1
244,178,1
244,206,1
244,207,1
244,248,1
244,249,1
244,317,1
244,321,1
244,327,1
244,331,1
244,392,1
244,399,1
244,432,1
244,469,1
245,126,1
245,174,1
245,239,1
245,248,1
245,282,2
245,285,1
245,315,1
245,327,1
245,330,1
245,331,1
245,368,1
245,376,1
245,407,1
245,461,1
246,71,1
246,101,1
246,170,1
246,199,1
246,203,1
246,246,1
246,250,1
246,254,1
246,275,1
246,276,1
246,283,1
246,322,1
246,332,1
246,365,1
246,407,1
246,408,1
246,505,1
246,511,1
247,91,1
247,99,1
247,161,1
247,165,1
247,241,1
247,244,1
247,256,1
247,281,1
247,297,2
247,298,1
247,322,1
247,328,1
247,331,1
247,361,1
247,411,1
247,546,1
248,173,1
248,177,1
248,201,1
248,208,1
248,248,1
248,257,1
248,263,1
248,323,1
248,369,1
248,413,1
248,414,1
248,446,2
249,99,1
249,103,1
249,107,1
249,139,1
249,165,1
249,174,2
249,175,1
249,198,1
249,201,1
249,206,1
249,207,1
249,211,1
249,249,3
249,254,2
249,276,1
249,284,2
249,289,1
249,295,1
249,322,1
249,360,1
249,371,1
249,408,1
249,433,1
249,434,1
249,448,1
250,59,1
250,69,1
250,130,1
250,139,1
250,140,1
250,177,1
250,242,1
250,243,1
250,249,2
250,288,1
250,294,1
250,298,1
250,316,1
250,327,1
250,361,1
250,408,1
250,432,1
250,478,1
251,137,1
251,172,1
251,180,1
251,264,1
251,272,1
251,303,1
251,328,1
251,337,1
251,376,1
251,624,1
252,32,1
252,75,1
252,141,1
252,142,1
252,180,1
252,181,1
252,237,1
252,249,1
252,256,1
252,258,1
252,295,1
252,298,1
252,318,1
252,359,1
252,436,1
252,511,1
252,612,1
253,41,1
253,91,1
253,100,1
253,162,1
253,167,1
253,177,1
253,180,2
253,252,1
253,261,1
253,276,1
253,278,1
253,285,1
253,296,1
253,297,1
253,319,1
253,412,1
253,416,1
254,131,1
254,170,1
254,172,1
254,211,1
254,218,1
254,284,1
254,287,1
254,289,1
254,331,1
254,343,1
254,359,1
254,375,1
254,406,1
254,410,1
254,415,1
254,416,1
254,524,1
254,532,1
255,532,1
255,165,1
255,174,1
255,178,1
255,179,1
255,297,1
255,328,1
255,339,1
255,368,1
255,377,1
255,409,1
255,415,2
255,435,1
255,456,1
256,34,1
256,110,1
256,132,1
256,138,1
256,206,1
256,211,1
256,242,1
256,243,1
256,250,1
256,262,1
256,264,1
256,284,1
256,286,1
256,287,1
256,304,1
256,305,1
256,319,1
256,326,1
256,332,1
256,333,1
256,355,1
256,368,1
256,369,1
256,376,1
256,404,1
256,413,1
256,447,1
256,483,1
256,486,1
257,35,1
257,79,1
257,135,1
257,145,1
257,167,1
257,179,3
257,213,1
257,217,1
257,252,1
257,257,1
257,258,3
257,259,1
257,261,1
257,296,1
257,297,1
257,304,1
257,325,1
257,334,1
257,337,2
257,371,1
257,382,1
257,401,1
257,448,1
257,472,1
257,524,1
257,581,1
257,655,1
258,52,1
258,79,1
258,98,1
258,129,1
258,146,1
258,160,1
258,177,1
258,206,1
258,218,1
258,219,1
258,247,1
258,264,1
258,294,1
258,320,1
258,330,1
258,332,1
258,402,1
258,406,1
258,445,1
258,448,2
258,488,1
258,529,1
258,561,1
259,60,1
259,98,1
259,102,1
259,125,1
259,145,1
259,168,1
259,182,1
259,221,2
259,301,2
259,321,1
259,402,1
259,448,1
259,543,1
260,181,1
260,262,1
260,299,1
260,450,1
260,666,1
261,44,1
261,110,1
261,142,1
261,175,1
261,177,1
261,179,1
261,257,1
261,293,2
261,302,1
261,329,1
261,363,1
261,486,1
261,516,1
262,138,1
262,158,1
262,183,1
262,252,1
262,253,1
262,265,1
262,287,1
262,293,1
262,336,1
262,337,1
262,379,1
262,409,1
262,474,1
262,479,1
263,131,1
263,165,1
263,178,1
263,213,1
263,219,1
263,245,1
263,253,1
263,377,1
264,80,1
264,82,1
264,164,1
264,185,1
264,213,2
264,217,1
264,280,1
264,293,1
264,298,1
264,335,1
264,378,1
264,416,1
264,457,1
264,503,1
264,549,1
264,606,1
265,69,1
265,141,1
265,180,1
265,203,1
265,258,1
265,265,1
265,335,1
265,368,1
265,375,1
265,411,1
265,415,1
265,441,1
265,445,1
265,487,1
266,87,1
266,169,1
266,216,1
266,262,1
266,266,1
266,314,1
267,268,1
268,92,1
268,93,1
268,98,1
268,101,1
268,135,1
268,175,1
268,182,1
268,267,1
268,287,1
268,288,1
268,337,1
268,345,1
268,369,1
268,406,1
268,410,1
268,432,1
268,448,1
268,477,1
268,482,1
268,509,1
268,556,1
268,666,1
269,196,1
270,462,1
271,168,1
271,272,1
271,352,1
271,482,1
271,528,1
272,9,1
272,72,1
272,203,1
272,234,1
272,237,1
272,248,1
272,270,1
272,272,1
272,387,1
272,463,1
272,470,1
272,657,1
273,195,1
273,234,1
273,237,1
273,314,1
273,355,1
273,448,1
274,235,1
274,281,1
274,400,1
274,511,1
274,585,1
274,589,1
275,30,1
275,136,2
275,149,1
275,164,1
275,200,1
275,246,1
275,268,1
275,322,1
275,508,1
276,58,1
276,134,1
276,200,1
276,202,1
276,245,1
276,249,1
276,353,1
276,452,1
276,466,1
277,129,1
277,140,1
277,168,1
277,200,1
277,232,1
277,256,1
277,614,1
278,25,1
278,93,1
278,207,1
278,209,1
278,235,1
278,253,1
278,285,1
278,286,1
278,288,1
278,291,1
278,319,1
278,356,1
278,398,1
278,417,1
278,504,1
279,93,1
279,165,1
279,196,2
279,203,1
279,208,1
279,254,1
279,264,1
279,272,1
279,273,1
279,284,1
279,310,1
279,324,1
279,475,1
279,591,1
280,59,1
280,93,1
280,95,1
280,131,1
280,200,1
280,212,1
280,251,1
280,316,1
280,360,1
280,362,1
280,367,1
280,396,1
280,400,1
280,436,1
280,445,1
280,476,1
280,482,1
280,492,2
280,624,1
281,93,1
281,170,1
281,177,1
281,196,1
281,201,1
281,202,1
281,207,1
281,219,1
281,241,1
281,251,1
281,281,1
281,301,1
281,310,1
281,315,1
281,322,1
281,330,1
281,350,1
281,354,1
281,367,1
281,368,1
281,369,1
281,370,1
281,398,1
281,435,1
282,35,1
282,125,1
282,170,1
282,205,1
282,208,1
282,209,1
282,236,1
282,246,1
282,264,1
282,286,1
282,369,1
282,490,1
282,501,1
282,616,1
283,94,1
283,130,1
283,158,1
283,159,1
283,201,1
283,204,1
283,206,1
283,234,1
283,239,1
283,246,1
283,284,1
283,320,1
283,321,1
283,332,1
283,363,1
283,375,1
283,448,1
284,25,1
284,73,1
284,89,1
284,100,1
284,135,1
284,140,1
284,143,1
284,163,1
284,167,1
284,209,1
284,210,1
284,212,1
284,245,1
284,257,1
284,277,1
284,289,1
284,291,1
284,321,1
284,325,1
284,333,1
284,358,1
284,392,1
284,400,1
284,448,1
284,666,1
285,126,1
285,165,1
285,166,1
285,174,1
285,203,1
285,242,1
285,249,1
285,250,1
285,251,1
285,277,1
285,283,1
285,284,1
285,285,1
285,291,1
285,293,1
285,326,1
285,356,1
285,371,1
285,391,1
285,400,1
285,404,1
285,518,1
285,667,1
286,124,1
286,138,1
286,163,1
286,167,1
286,168,2
286,172,1
286,177,1
286,211,1
286,216,1
286,243,1
286,249,1
286,250,1
286,259,1
286,278,1
286,282,1
286,323,1
286,355,1
286,366,1
286,398,1
286,399,1
286,406,1
286,441,1
286,469,1
286,479,1
287,59,1
287,129,1
287,166,2
287,219,1
287,239,1
287,263,1
287,277,1
287,284,1
287,286,1
287,288,1
287,306,1
287,331,1
287,399,1
287,406,1
288,62,1
288,132,1
288,145,1
288,168,1
288,211,1
288,212,1
288,268,1
288,279,1
288,284,1
288,321,2
288,336,1
288,354,1
288,370,1
288,376,1
288,477,1
288,544,2
289,39,1
289,93,1
289,109,1
289,126,2
289,174,1
289,207,1
289,252,1
289,256,1
289,280,1
289,296,1
289,315,1
289,316,1
289,318,1
289,331,1
289,360,1
289,377,1
289,381,1
289,406,1
289,409,1
289,436,1
289,468,1
290,12,1
290,176,1
290,240,1
290,242,2
290,268,1
290,285,2
290,288,1
290,298,1
290,299,1
290,331,1
290,336,1
290,362,1
290,406,1
290,435,1
291,174,1
291,189,1
291,203,1
291,219,1
291,276,1
291,286,1
291,291,1
291,302,1
291,337,1
291,378,1
291,397,1
291,413,1
291,561,1
292,30,1
292,41,1
292,108,1
292,171,1
292,217,1
292,239,1
292,240,1
292,255,1
292,262,1
292,292,2
292,327,1
292,332,1
292,367,1
292,402,1
292,416,1
292,493,1
292,562,1
292,584,1
293,74,1
293,211,1
293,245,1
293,257,1
293,258,1
293,280,1
293,292,1
293,296,1
293,297,1
293,301,1
293,304,1
293,331,1
293,332,1
293,333,1
293,339,1
293,364,1
293,398,1
293,403,1
293,452,1
294,133,1
294,172,1
294,179,1
294,279,1
294,281,1
294,298,1
294,335,1
294,337,1
294,370,1
294,377,1
294,400,1
294,409,1
294,435,1
294,449,1
294,560,1
294,591,1
294,593,1
295,35,1
295,93,1
295,102,1
295,257,1
295,281,1
295,291,1
295,301,1
295,302,1
295,368,1
295,398,1
295,408,1
295,443,1
295,509,1
296,164,1
296,174,1
296,175,1
296,181,1
296,212,1
296,252,1
296,257,1
296,261,1
296,280,1
296,292,1
296,296,3
296,302,1
296,325,1
296,329,2
296,375,1
296,398,1
296,411,1
296,414,1
296,436,1
296,449,1
297,81,1
297,83,1
297,130,1
297,166,1
297,172,1
297,238,1
297,263,1
297,290,1
297,298,1
297,299,1
297,301,1
297,328,1
297,329,2
297,339,1
297,342,1
297,343,1
297,356,1
297,358,1
297,376,1
297,402,2
297,417,1
297,444,1
297,454,1
297,520,1
297,562,1
298,75,1
298,132,1
298,170,1
298,176,1
298,178,1
298,249,1
298,293,1
298,297,1
298,302,1
298,323,1
298,332,1
298,340,1
298,360,1
298,363,1
298,373,1
298,376,2
298,379,1
298,410,1
298,411,1
298,450,1
298,451,1
298,491,1
298,531,1
299,75,1
299,99,1
299,141,1
299,146,1
299,158,1
299,178,1
299,203,1
299,257,1
299,291,1
299,301,1
299,342,1
299,374,1
299,375,1
299,409,1
299,414,1
299,416,1
299,419,1
299,451,1
300,149,1
300,173,1
300,268,1
300,296,1
300,330,1
300,332,1
300,448,1
301,173,1
301,246,1
301,259,1
301,263,1
301,268,1
301,295,1
301,297,1
301,300,1
301,301,3
301,335,1
301,376,1
301,382,1
301,408,1
301,408,1
302,145,1
302,215,1
302,237,1
302,259,1
302,337,1
302,340,1
302,404,1
303,78,1
303,97,1
303,169,1
303,173,1
303,216,1
303,303,1
303,328,1
303,360,1
303,420,1
303,448,1
304,103,1
304,179,1
304,216,1
304,283,1
304,297,1
304,315,1
304,332,1
304,380,1
304,399,1
304,402,1
304,478,1
304,627,1
305,246,1
305,257,1
305,374,1
305,378,1
306,271,1
306,349,1
307,396,1
308,240,1
308,413,1
309,144,1
309,240,2
309,279,1
309,286,1
310,164,1
310,243,1
310,317,1
310,401,1
310,401,1
310,431,1
311,355,1
311,391,1
312,247,1
312,320,1
312,469,1
313,14,1
313,73,1
313,165,1
313,241,1
313,313,2
313,632,1
314,118,1
314,147,1
314,168,1
314,176,1
314,252,1
314,256,1
314,256,1
314,471,1
314,516,1
315,8,1
315,160,1
315,235,1
315,245,1
315,310,1
315,327,1
315,330,1
315,356,2
315,359,1
315,366,1
315,369,1
315,396,1
315,447,1
316,74,1
316,92,1
316,99,1
316,202,1
316,204,1
316,231,1
316,235,1
316,241,1
316,241,1
316,241,1
316,351,1
316,356,1
316,369,1
316,399,1
316,415,1
316,568,1
317,35,1
317,214,1
317,239,1
317,279,1
317,285,1
317,316,1
317,341,1
317,397,1
317,400,1
317,408,1
317,477,1
317,513,1
317,542,1
317,551,1
318,74,1
318,206,1
318,213,1
318,244,1
318,249,1
318,287,1
318,289,1
318,298,1
318,314,1
318,354,1
318,355,1
318,363,1
318,436,1
318,477,1
318,613,1
319,162,1
319,163,1
319,166,1
319,202,1
319,236,1
319,240,2
319,241,1
319,285,1
319,361,1
319,406,1
319,409,1
319,436,1
319,441,1
319,469,1
319,506,1
319,553,1
320,35,1
320,136,1
320,138,1
320,170,1
320,210,1
320,243,1
320,247,1
320,250,1
320,256,1
320,284,1
320,291,1
320,301,1
320,331,1
320,333,1
320,367,1
320,368,1
320,369,1
320,407,1
320,511,1
321,98,1
321,133,1
321,242,1
321,244,2
321,245,1
321,247,1
321,258,1
321,278,1
321,288,1
321,323,1
321,366,1
321,398,1
321,403,1
321,411,1
322,172,1
322,178,1
322,206,1
322,242,3
322,243,1
322,279,1
322,322,1
322,330,1
322,357,1
322,361,1
322,374,1
322,447,1
322,448,1
322,449,1
322,584,1
323,162,1
323,164,1
323,176,1
323,251,1
323,295,1
323,357,1
323,435,2
323,482,1
324,143,1
324,208,1
324,268,1
324,336,1
325,91,1
325,163,1
325,251,1
325,290,1
325,299,1
325,315,1
325,321,1
325,361,1
325,375,1
326,170,1
326,178,1
326,244,1
326,359,1
326,374,1
326,375,1
326,432,1
326,554,1
326,604,1
327,4,1
327,112,1
327,164,1
327,168,1
327,204,1
327,240,1
327,242,1
327,289,1
327,293,1
327,330,1
327,361,1
327,370,1
327,398,1
327,399,1
327,402,2
327,447,1
327,448,1
327,481,1
327,539,1
327,666,1
328,164,1
328,206,1
328,207,1
328,248,1
328,249,1
328,250,1
328,259,1
328,280,1
328,285,1
328,293,1
328,294,1
328,316,1
328,332,1
328,333,1
328,380,1
328,398,2
328,473,1
328,543,1
328,543,1
328,581,1
329,59,1
329,113,1
329,178,1
329,204,1
329,209,1
329,218,1
329,236,1
329,239,1
329,245,1
329,255,1
329,256,1
329,275,1
329,288,1
329,291,1
329,296,1
329,320,1
329,337,1
329,340,1
329,362,1
329,367,1
329,372,1
329,379,1
329,396,1
329,399,1
329,403,1
329,405,1
329,408,1
329,447,1
329,448,1
329,472,1
329,511,1
329,541,1
329,629,1
330,39,1
330,131,1
330,190,1
330,207,1
330,215,1
330,241,1
330,292,1
330,296,2
330,320,1
330,328,1
330,333,1
330,339,1
330,369,1
330,372,1
330,383,1
330,398,1
330,404,1
330,407,1
330,410,1
330,436,1
330,451,1
330,477,1
330,481,1
331,109,1
331,126,1
331,181,1
331,216,1
331,217,1
331,225,1
331,232,1
331,253,1
331,283,1
331,284,1
331,288,1
331,294,1
331,326,1
331,331,1
331,334,1
331,337,1
331,366,2
331,378,1
331,379,1
331,398,1
331,400,1
331,402,1
331,404,1
331,405,1
331,443,1
331,493,1
332,112,1
332,253,1
332,256,1
332,257,1
332,264,1
332,277,1
332,290,1
332,292,1
332,295,1
332,296,1
332,298,1
332,324,1
332,327,1
332,329,1
332,331,2
332,336,1
332,337,1
332,363,1
332,369,1
332,372,1
332,377,2
332,409,2
332,440,1
332,445,1
332,447,1
332,470,1
333,68,1
333,71,1
333,100,1
333,135,1
333,138,1
333,180,1
333,209,2
333,220,1
333,246,1
333,290,1
333,299,1
333,323,1
333,328,1
333,329,1
333,330,2
333,339,1
333,368,2
333,374,1
333,406,1
333,409,1
333,452,1
334,67,1
334,261,1
334,288,1
334,319,1
334,341,1
334,367,1
334,440,1
334,451,1
335,107,1
335,127,1
335,158,1
335,208,1
335,211,1
335,262,1
335,277,1
335,283,1
335,287,1
335,337,1
335,375,1
335,398,1
335,404,1
335,415,1
335,657,1
336,135,1
336,167,1
336,172,1
336,178,1
336,204,1
336,247,1
336,254,1
336,261,1
336,329,1
336,371,1
336,374,1
336,410,1
336,558,1
337,60,1
337,70,1
337,136,1
337,140,2
337,180,1
337,211,1
337,215,1
337,221,1
337,256,1
337,257,1
337,258,1
337,294,1
337,300,1
337,302,1
337,337,1
337,338,1
337,339,1
337,370,1
337,372,1
337,445,1
337,448,1
337,449,1
337,496,1
337,521,1
337,665,1
338,163,1
338,217,1
338,226,1
338,253,1
338,268,1
338,295,1
338,297,1
338,332,1
338,450,1
338,456,1
338,484,1
339,183,1
339,296,1
339,297,1
339,298,1
339,304,1
339,332,1
339,333,1
339,337,1
339,370,1
339,375,1
339,377,2
339,380,1
339,402,1
339,412,1
339,448,2
339,453,1
339,454,1
339,476,1
340,218,1
340,258,1
340,328,1
340,329,1
340,336,1
340,362,1
340,409,1
340,448,1
340,481,1
340,482,1
340,485,1
340,654,1
341,151,1
341,179,1
341,184,1
341,218,1
341,219,1
341,295,1
341,298,1
341,329,1
341,416,1
341,419,1
341,449,1
341,484,1
341,533,1
341,585,1
341,592,1
342,143,1
342,257,1
342,368,1
342,376,2
342,384,1
342,405,1
342,412,1
342,416,1
342,448,2
342,488,1
342,492,1
343,68,1
343,176,1
343,268,1
343,340,1
343,412,1
343,413,1
343,438,1
343,452,1
343,456,1
343,489,1
344,330,1
345,360,1
346,348,1
347,262,1
348,403,1
349,203,1
350,132,1
350,215,1
350,278,1
350,446,1
351,179,1
351,209,1
351,350,1
352,220,1
352,245,1
352,274,1
352,330,1
353,90,1
353,138,1
353,206,1
353,240,1
353,435,1
354,172,1
354,240,1
354,245,1
354,278,1
354,281,1
354,282,1
354,319,1
354,395,1
354,432,1
354,441,1
354,447,1
354,468,1
354,582,1
355,39,1
355,98,1
355,201,1
355,272,1
355,319,1
355,328,1
355,335,1
355,360,1
355,364,1
355,392,1
355,435,1
355,436,1
356,147,1
356,184,1
356,249,1
356,250,1
356,274,1
356,282,1
356,316,1
356,319,1
356,356,1
356,368,1
356,387,1
356,408,1
356,433,1
356,477,1
356,651,1
357,362,1
357,373,1
357,398,1
358,297,1
358,315,1
358,325,1
359,100,1
359,105,1
359,138,1
359,254,1
359,276,1
359,280,1
359,287,1
359,327,1
359,355,1
359,359,2
359,406,1
359,429,1
359,469,1
360,208,1
360,246,1
360,282,1
360,283,1
360,315,1
360,330,1
360,356,1
360,375,1
360,375,1
360,405,1
360,448,1
361,33,1
361,166,1
361,202,1
361,237,1
361,286,1
361,291,1
361,361,1
361,368,1
361,374,1
361,375,1
361,397,1
361,403,1
361,433,1
361,506,1
362,54,1
362,142,1
362,164,1
362,168,1
362,180,1
362,249,1
362,285,1
362,286,1
362,287,1
362,298,1
362,359,1
362,361,1
362,362,1
362,367,1
362,434,1
362,451,1
362,533,1
363,135,1
363,213,1
363,325,1
363,336,1
363,377,1
363,396,1
363,399,1
363,414,1
363,482,1
363,505,1
364,35,1
364,209,1
364,281,1
364,294,1
364,332,1
364,409,1
364,482,1
364,486,1
364,522,1
364,644,1
364,665,1
365,125,1
365,125,1
365,359,1
365,434,1
365,603,1
366,166,1
366,320,1
366,340,1
366,400,1
366,408,1
366,513,1
366,546,1
366,585,1
367,142,1
367,164,1
367,180,1
367,259,1
367,292,1
367,295,1
367,320,1
367,328,1
367,332,1
367,411,1
367,431,1
367,445,1
367,481,1
367,516,1
367,522,1
367,589,1
367,631,1
368,100,1
368,213,2
368,241,1
368,243,1
368,255,1
368,257,2
368,261,1
368,265,1
368,284,1
368,290,2
368,294,1
368,315,1
368,321,1
368,330,1
368,339,2
368,355,1
368,369,1
368,370,1
368,373,1
368,374,1
368,421,1
368,435,1
368,443,1
368,447,2
368,448,1
368,517,1
368,528,1
368,586,1
368,594,1
368,599,1
369,132,1
369,133,1
369,198,1
369,218,1
369,239,1
369,246,1
369,275,1
369,276,1
369,282,1
369,290,1
369,297,1
369,325,1
369,334,1
369,355,1
369,360,1
369,368,1
369,369,1
369,395,1
369,407,1
369,408,1
369,473,1
369,550,1
369,550,1
369,550,1
370,0,1
370,168,1
370,242,1
370,249,1
370,256,1
370,281,2
370,288,1
370,290,1
370,293,1
370,299,1
370,327,1
370,333,2
370,338,1
370,372,1
370,398,1
370,407,1
370,410,1
370,441,1
370,451,1
370,507,1
370,510,1
371,34,1
371,110,1
371,216,1
371,219,1
371,262,1
371,268,1
371,292,1
371,293,1
371,298,1
371,323,1
371,329,1
371,377,1
371,407,1
371,447,1
371,518,1
372,241,1
372,268,1
372,293,1
372,296,1
372,329,2
372,331,1
372,333,1
372,373,1
372,377,1
372,413,1
372,443,1
372,456,1
372,594,1
373,221,1
373,252,1
373,259,1
373,292,1
373,299,1
373,300,1
373,329,1
373,362,1
373,364,1
373,368,2
373,373,1
373,398,1
373,472,2
373,495,1
373,649,1
373,676,1
374,92,1
374,142,1
374,168,1
374,204,2
374,211,1
374,217,1
374,226,1
374,242,1
374,257,1
374,264,1
374,336,1
374,368,1
374,373,1
374,374,1
374,406,1
374,443,2
374,447,1
374,473,1
374,479,1
374,559,1
374,570,1
374,675,1
375,35,1
375,101,1
375,163,1
375,164,1
375,174,1
375,177,1
375,180,1
375,202,1
375,256,2
375,264,1
375,299,1
375,303,1
375,331,1
375,333,1
375,342,1
375,368,1
375,374,1
375,397,1
375,400,1
375,413,1
375,420,1
375,440,1
375,447,1
375,448,2
375,468,1
375,506,1
375,594,1
376,594,1
376,31,1
376,136,1
376,173,1
376,206,1
376,219,1
376,258,1
376,286,1
376,303,1
376,337,1
376,339,1
376,341,1
376,343,1
376,377,1
376,397,1
376,403,1
376,411,1
376,423,1
376,447,1
376,481,1
377,128,1
377,144,1
377,168,1
377,185,1
377,205,1
377,249,1
377,251,1
377,253,1
377,255,1
377,262,1
377,290,1
377,299,1
377,341,1
377,419,1
377,440,1
377,450,1
377,457,1
377,458,1
377,476,1
377,478,1
377,527,1
377,544,1
377,646,1
378,100,1
378,105,1
378,221,1
378,274,1
378,339,1
378,370,1
378,378,1
378,404,1
378,405,1
378,408,1
378,410,1
378,415,1
378,485,1
378,490,1
378,492,1
378,524,1
378,576,1
378,595,1
379,39,1
379,173,1
379,215,1
379,219,1
379,253,1
379,254,1
379,262,1
379,298,1
379,331,1
379,336,1
379,339,1
379,342,1
379,371,1
379,404,1
380,219,1
380,242,1
380,303,1
380,378,1
380,393,1
380,405,1
380,437,1
381,139,1
381,217,1
381,341,1
381,452,1
381,491,1
382,96,1
382,304,1
382,447,1
382,623,1
383,413,1
383,419,1
383,456,1
383,483,1
383,509,1
383,527,1
384,145,1
385,207,1
386,369,1
387,369,1
387,359,1
387,388,1
388,231,1
389,274,1
390,308,1
391,35,1
391,69,1
391,129,1
391,129,1
391,236,1
391,242,1
391,351,1
391,408,1
391,468,1
392,59,1
392,164,1
392,209,2
392,284,2
392,286,1
392,471,1
392,472,1
393,297,1
394,117,1
395,280,1
395,320,1
395,352,1
395,410,1
395,541,1
396,174,1
396,204,1
396,240,1
396,285,1
396,321,1
396,329,1
396,350,1
396,354,1
396,362,1
396,367,1
396,402,1
396,440,1
396,481,1
396,585,1
397,164,1
397,287,1
397,292,1
397,323,1
397,329,1
397,381,1
397,437,1
397,469,1
398,80,1
398,128,1
398,162,1
398,163,1
398,166,1
398,205,1
398,208,1
398,214,1
398,241,1
398,249,1
398,258,1
398,282,1
398,289,2
398,324,1
398,330,1
398,333,1
398,360,1
398,368,2
398,375,1
398,399,1
398,477,1
398,479,1
398,512,1
398,581,1
398,584,1
398,587,1
399,140,1
399,165,1
399,202,1
399,233,1
399,246,1
399,265,1
399,286,1
399,300,1
399,322,1
399,380,1
399,403,1
399,432,1
399,437,1
399,447,1
399,473,1
399,594,1
400,99,1
400,144,1
400,180,1
400,183,1
400,275,1
400,281,1
400,285,1
400,286,1
400,312,1
400,321,1
400,327,1
400,329,1
400,365,1
400,397,1
400,400,1
400,412,1
400,444,1
400,453,1
400,476,1
400,516,1
400,516,1
401,130,1
401,331,1
401,476,1
401,554,1
401,554,1
401,667,1
402,667,1
402,65,1
402,86,1
402,102,1
402,161,1
402,162,1
402,173,1
402,241,1
402,258,1
402,289,1
402,290,1
402,316,1
402,321,1
402,339,1
402,361,1
402,368,1
402,377,1
402,396,1
402,404,1
402,411,1
402,448,1
402,476,1
402,477,1
402,517,1
402,523,1
402,644,1
403,67,1
403,70,1
403,163,1
403,178,1
403,206,1
403,208,2
403,322,1
403,330,1
403,369,1
403,376,1
403,392,1
403,409,1
403,411,1
403,419,1
403,438,1
403,448,1
403,449,1
403,477,1
403,511,1
403,516,1
403,517,1
403,622,1
404,101,1
404,122,1
404,208,1
404,247,1
404,298,1
404,301,1
404,304,1
404,315,1
404,330,1
404,331,2
404,333,1
404,335,1
404,356,1
404,369,1
404,370,1
404,399,1
404,403,1
404,437,1
404,443,1
404,445,1
404,476,1
404,485,1
404,517,1
404,569,1
404,612,1
405,40,1
405,102,1
405,138,1
405,209,1
405,243,1
405,250,1
405,252,2
405,259,1
405,319,1
405,373,1
405,379,1
405,391,1
405,405,2
405,408,1
405,480,1
405,482,2
405,483,1
405,492,1
405,511,1
405,516,1
406,174,1
406,286,1
406,288,1
406,289,1
406,297,1
406,337,1
406,367,1
406,414,2
406,435,1
406,441,1
406,475,1
406,599,1
406,620,1
406,625,1
406,657,1
407,100,1
407,131,1
407,166,1
407,177,1
407,179,1
407,180,1
407,316,1
407,325,1
407,329,1
407,359,1
407,367,1
407,370,1
407,373,1
407,445,1
407,447,1
407,450,1
407,472,1
407,479,1
407,530,1
407,559,1
407,639,1
407,643,1
408,40,1
408,168,1
408,202,1
408,207,1
408,243,1
408,255,1
408,282,1
408,290,1
408,291,2
408,316,1
408,358,1
408,369,1
408,370,1
408,374,2
408,407,1
408,411,1
408,414,1
408,518,1
408,547,1
409,70,1
409,165,1
409,178,1
409,180,1
409,205,1
409,218,1
409,239,1
409,280,1
409,286,1
409,289,1
409,294,1
409,301,1
409,317,1
409,332,1
409,342,1
409,372,1
409,376,1
409,378,1
409,456,1
409,470,2
409,517,1
409,542,1
409,556,1
410,100,1
410,168,1
410,252,1
410,257,1
410,299,1
410,314,1
410,327,1
410,328,1
410,330,1
410,335,1
410,336,1
410,354,1
410,374,1
410,398,1
410,412,1
410,474,1
410,485,1
410,516,1
410,518,2
410,591,1
411,179,1
411,179,1
411,216,1
411,242,1
411,251,1
411,302,1
411,326,1
411,328,1
411,343,1
411,372,1
411,378,1
411,382,1
411,409,1
411,415,1
411,437,1
411,449,1
411,484,1
411,488,1
411,527,1
411,555,1
411,643,1
412,143,1
412,144,1
412,216,1
412,219,1
412,265,1
412,292,1
412,411,1
412,438,1
412,442,1
412,449,1
412,487,1
412,516,1
412,622,1
412,659,1
412,663,1
413,167,1
413,247,1
413,297,1
413,298,2
413,308,1
413,343,1
413,368,1
413,383,1
413,404,1
413,413,2
413,447,1
413,528,1
413,555,1
413,564,1
414,94,1
414,113,1
414,131,1
414,247,1
414,257,1
414,281,1
414,301,1
414,337,1
414,343,1
414,374,1
414,406,1
414,423,1
414,487,1
414,494,1
414,597,1
415,74,1
415,105,1
415,141,1
415,254,1
415,257,1
415,289,1
415,304,1
415,330,1
415,383,1
415,412,2
415,414,1
415,467,1
415,491,1
416,18,1
416,138,1
416,170,1
416,254,1
416,264,1
416,301,1
416,330,1
416,342,2
416,371,2
417,220,1
417,256,1
417,371,1
417,448,1
417,550,1
417,604,1
418,41,1
418,337,1
418,372,1
418,420,1
418,448,1
418,451,1
418,506,1
419,299,1
419,341,1
419,342,1
419,343,1
419,448,1
419,451,2
419,563,1
420,154,1
420,299,1
420,413,1
420,436,1
420,474,1
421,407,1
421,407,1
422,439,1
422,448,2
422,528,1
423,376,1
423,377,1
423,419,1
424,342,1
425,534,1
426,158,1
427,158,1
428,516,1
429,162,1
429,315,2
429,323,1
429,427,1
429,441,1
429,487,1
430,93,1
430,265,1
431,172,1
431,436,1
431,507,1
432,165,1
432,202,1
432,280,1
432,314,1
432,327,1
432,333,1
432,407,1
432,429,1
432,448,1
432,455,1
432,474,1
432,511,1
432,519,1
432,519,1
433,168,1
433,247,1
433,292,1
433,318,1
433,320,1
433,366,1
433,404,1
433,508,1
433,510,2
433,588,1
434,69,1
434,146,1
434,164,1
434,168,1
434,176,1
434,205,1
434,249,1
434,256,1
434,434,1
434,441,1
434,482,1
435,130,1
435,209,1
435,245,1
435,285,1
435,329,2
435,364,1
435,369,1
435,446,1
435,473,2
435,486,1
435,504,1
435,508,1
435,508,1
435,544,1
435,547,1
435,550,1
435,588,1
436,93,1
436,138,1
436,159,1
436,166,1
436,209,1
436,211,1
436,234,1
436,254,1
436,284,1
436,292,1
436,293,1
436,312,1
436,329,1
436,354,1
436,355,1
436,364,1
436,403,1
436,404,1
436,409,1
436,414,1
436,421,1
436,432,1
436,435,1
436,436,2
436,467,1
436,482,1
436,507,1
436,510,2
436,555,1
436,574,1
436,583,1
436,616,1
436,623,1
437,74,1
437,79,1
437,178,1
437,211,1
437,235,1
437,254,1
437,280,1
437,304,1
437,336,1
437,368,1
437,412,1
438,173,1
438,281,1
438,339,1
438,437,1
438,472,1
438,476,1
439,476,1
440,181,1
440,204,1
440,209,1
440,243,1
440,248,1
440,280,1
440,297,1
440,326,1
440,334,1
440,354,1
440,356,2
440,361,1
440,373,1
440,405,1
440,413,1
440,420,1
440,440,1
440,447,1
440,470,1
440,504,1
440,531,1
440,556,1
440,561,1
440,567,1
440,653,1
441,653,1
441,67,1
441,203,1
441,238,1
441,239,1
441,258,1
441,294,1
441,319,1
441,320,1
441,332,3
441,365,1
441,372,1
441,404,1
441,446,1
441,468,1
441,472,1
441,481,1
441,484,1
441,516,1
441,524,1
441,526,1
441,623,1
442,66,1
442,378,1
442,434,1
442,510,1
443,254,1
443,335,1
443,365,1
443,370,1
443,372,1
443,517,1
443,527,1
443,562,1
444,136,1
444,223,1
444,329,1
444,370,1
444,377,1
444,438,1
445,68,2
445,109,1
445,160,1
445,167,1
445,256,1
445,265,1
445,303,1
445,323,1
445,329,1
445,333,1
445,375,1
445,396,1
445,397,1
445,399,1
445,407,1
445,417,1
445,445,1
445,473,1
445,510,2
445,516,1
445,517,1
445,522,1
445,524,1
445,538,1
445,554,1
445,564,1
445,565,1
445,569,1
445,599,1
445,624,1
445,637,1
445,639,1
445,653,1
446,91,1
446,181,1
446,291,1
446,370,1
446,374,1
446,409,1
446,410,1
446,469,1
446,477,1
446,516,1
446,525,1
446,529,1
446,565,1
446,606,1
447,68,1
447,102,1
447,103,1
447,145,1
447,175,1
447,177,1
447,202,1
447,203,1
447,212,1
447,243,1
447,248,1
447,249,1
447,255,1
447,284,1
447,333,2
447,337,1
447,339,1
447,361,1
447,362,1
447,403,1
447,431,1
447,434,1
447,440,1
447,447,2
447,452,1
447,468,1
447,487,1
447,503,1
447,508,1
447,528,1
447,542,1
447,561,1
447,563,1
447,570,1
447,642,1
448,40,1
448,70,1
448,99,1
448,121,1
448,144,1
448,145,1
448,149,1
448,150,1
448,157,1
448,172,1
448,173,1
448,175,1
448,179,1
448,182,2
448,203,1
448,204,1
448,205,1
448,252,1
448,293,1
448,298,2
448,301,1
448,317,1
448,326,1
448,329,1
448,331,2
448,332,1
448,334,1
448,336,1
448,338,1
448,359,1
448,371,1
448,375,1
448,377,1
448,379,1
448,380,2
448,381,1
448,404,1
448,410,1
448,411,2
448,416,2
448,418,1
448,438,1
448,448,6
448,453,1
448,456,1
448,465,1
448,469,1
448,470,1
448,477,1
448,478,1
448,482,1
448,484,1
448,485,2
448,486,1
448,489,1
448,491,2
448,493,1
448,498,1
448,507,1
448,517,2
448,518,1
448,519,1
448,527,1
448,543,1
448,570,1
448,586,1
448,595,1
448,612,1
448,629,1
448,645,1
448,670,1
449,211,1
449,213,1
449,246,1
449,341,1
449,360,1
449,412,1
449,477,2
449,488,1
449,524,1
449,563,1
449,620,1
450,238,1
450,248,1
450,256,1
450,259,1
450,262,1
450,303,1
450,367,1
450,375,1
450,398,1
450,407,1
450,411,1
450,627,1
450,656,1
451,66,1
451,141,1
451,142,1
451,146,1
451,178,1
451,215,1
451,247,1
451,257,2
451,285,1
451,292,1
451,299,1
451,328,1
451,335,1
451,338,1
451,371,1
451,375,1
451,401,1
451,403,1
451,505,1
451,520,1
452,176,1
452,179,1
452,202,1
452,227,1
452,411,2
452,423,1
452,448,1
452,449,1
452,456,1
452,544,1
452,605,1
453,147,1
453,268,1
453,378,1
453,452,2
453,490,1
453,581,1
454,141,1
454,262,1
454,414,1
454,415,2
454,524,1
454,585,1
455,149,1
455,319,1
455,339,1
455,448,1
456,147,1
456,173,1
456,181,1
456,254,1
456,259,1
456,261,1
456,372,1
456,411,1
456,451,1
456,489,1
456,627,1
457,137,1
457,341,1
457,367,1
457,382,1
457,448,1
457,451,3
457,479,1
457,485,1
457,489,1
458,302,1
458,451,1
458,529,1
459,617,1
460,379,1
461,243,1
462,257,1
462,354,1
462,508,1
463,331,1
464,315,1
465,436,3
465,466,1
466,314,1
466,436,1
466,465,1
467,441,1
468,28,1
468,123,1
468,127,1
468,206,1
468,293,1
468,319,1
468,402,1
468,481,1
468,547,1
468,552,1
468,596,1
469,257,1
469,271,1
469,289,1
469,313,1
469,320,1
469,329,1
469,333,1
469,361,1
469,392,1
469,448,2
469,465,1
469,503,1
469,622,1
470,211,1
470,317,1
470,377,1
470,407,2
470,408,1
470,435,1
470,467,1
470,509,1
470,511,1
470,602,1
471,32,1
471,99,1
471,168,1
471,278,1
471,318,1
471,404,1
471,433,1
471,482,1
472,130,1
472,167,1
472,177,1
472,213,1
472,241,1
472,276,1
472,309,1
472,356,1
472,392,1
472,396,1
472,403,1
472,441,1
472,485,1
472,507,1
472,511,1
472,581,1
473,143,1
473,240,2
473,262,1
473,302,1
473,401,1
473,410,1
473,468,1
473,471,1
473,510,1
473,522,1
473,546,1
474,137,1
474,155,1
474,177,1
474,194,1
474,289,1
474,328,1
474,446,1
474,470,1
474,645,1
475,368,1
475,373,1
475,402,1
475,523,1
476,170,1
476,202,1
476,238,1
476,279,1
476,343,1
476,367,1
476,437,1
476,444,1
476,445,2
476,453,1
476,556,1
476,583,1
476,600,1
476,638,1
477,140,1
477,175,1
477,177,1
477,212,1
477,266,1
477,279,1
477,283,1
477,294,1
477,360,1
477,372,1
477,410,1
477,412,2
477,446,1
477,451,1
477,477,1
477,517,1
477,520,1
477,526,1
477,559,1
477,560,1
477,562,1
477,612,1
477,622,1
477,623,1
477,628,1
478,209,1
478,275,1
478,292,1
478,404,1
478,409,1
478,446,1
478,472,1
478,476,1
478,559,1
478,561,1
478,564,1
478,589,1
478,589,1
479,297,1
479,371,1
479,374,1
479,377,1
479,380,1
479,398,1
479,405,1
479,406,1
479,521,1
479,568,1
479,624,1
480,460,1
480,479,1
481,40,1
481,136,1
481,181,1
481,240,1
481,256,1
481,265,1
481,285,1
481,367,1
481,371,1
481,379,1
481,435,1
481,472,1
481,482,1
481,533,1
481,543,1
481,547,1
481,562,1
481,649,1
481,672,1
482,175,1
482,181,1
482,274,1
482,314,1
482,367,1
482,368,1
482,373,1
482,381,1
482,396,1
482,412,1
482,433,1
482,451,1
482,468,1
482,506,1
482,550,1
482,551,1
482,600,1
482,644,1
482,645,1
482,657,1
483,209,1
483,450,1
483,454,1
483,518,1
483,566,1
484,303,1
484,341,1
484,368,1
484,377,1
484,402,1
484,445,1
484,454,1
484,617,1
484,666,1
484,671,1
485,102,1
485,188,1
485,255,1
485,370,1
485,398,1
485,457,1
485,483,1
485,485,2
485,516,1
485,526,1
485,586,1
485,623,1
486,15,1
486,72,1
486,90,1
486,183,1
486,378,1
486,441,1
486,477,1
486,529,1
487,188,1
487,258,1
487,313,1
487,400,1
487,422,1
487,484,1
487,565,1
487,631,1
487,649,1
487,650,1
488,341,1
488,446,1
488,448,1
489,317,1
489,374,1
489,376,1
489,475,1
489,604,1
490,183,1
490,408,1
490,489,1
490,490,1
490,491,1
490,516,1
491,329,1
491,404,1
491,414,1
491,448,1
491,457,1
491,517,1
491,526,1
491,581,1
491,644,1
492,177,1
492,408,1
492,416,1
492,423,1
492,457,1
493,42,1
493,459,1
494,186,1
494,457,1
494,506,1
494,572,1
495,373,1
495,414,1
496,342,1
497,210,1
498,436,1
499,204,1
500,282,1
501,499,1
502,315,1
502,469,1
502,551,1
503,213,1
503,432,1
504,391,1
504,435,1
504,436,1
505,315,1
505,436,1
505,448,1
505,450,1
505,505,2
505,506,2
506,103,1
506,163,1
506,433,1
506,434,1
506,441,1
506,505,1
506,506,1
506,582,1
506,653,1
506,657,1
506,671,1
507,33,1
507,255,1
507,281,1
507,318,1
507,329,1
507,341,1
507,392,1
507,528,1
507,575,1
508,286,1
508,352,1
508,367,1
508,419,1
508,456,1
508,479,1
508,507,1
508,519,1
509,28,1
509,92,1
509,244,1
509,248,1
509,333,1
509,396,1
509,400,1
509,505,1
510,166,1
510,203,1
510,321,1
510,362,1
510,391,1
510,433,1
510,442,1
510,447,1
510,469,2
510,474,1
510,551,1
510,603,1
511,286,1
511,289,1
511,395,1
511,405,1
511,441,1
511,472,1
511,473,1
511,511,2
511,547,1
511,591,1
512,354,1
513,237,1
513,448,1
513,590,1
514,612,1
515,404,1
516,92,1
516,213,1
516,234,1
516,359,1
516,368,1
516,399,1
516,400,1
516,402,1
516,403,1
516,405,1
516,441,1
516,445,1
516,477,1
516,486,1
516,547,1
516,557,1
516,577,1
516,595,2
516,608,1
516,622,1
516,674,1
517,65,1
517,108,1
517,179,1
517,330,1
517,398,1
517,403,1
517,434,1
517,441,1
517,447,1
517,478,2
517,516,1
517,556,1
517,596,1
518,130,1
518,167,1
518,209,1
518,236,1
518,254,1
518,407,1
518,446,1
518,478,1
518,523,1
518,583,1
519,208,1
519,216,1
519,241,1
519,254,1
519,268,1
519,321,1
519,408,1
519,441,1
519,524,1
519,564,1
520,286,1
520,298,1
520,549,1
521,215,1
521,448,1
521,598,1
522,368,1
522,448,1
522,486,1
522,583,1
523,138,1
523,334,1
523,413,1
523,445,2
523,454,1
523,649,1
524,100,1
524,231,1
524,253,1
524,411,1
524,527,1
524,557,1
524,563,1
524,617,1
524,630,1
525,481,1
525,517,1
526,446,1
526,448,2
526,527,1
526,569,1
527,189,1
527,301,1
527,375,1
527,376,2
527,403,1
527,404,1
527,411,1
527,491,1
527,519,1
527,522,1
527,527,1
527,566,1
527,586,1
528,16,1
528,301,1
528,565,2
528,628,1
529,407,1
529,408,1
529,431,1
529,437,1
529,448,1
529,453,1
529,529,1
529,645,1
530,413,1
531,260,1
531,451,1
531,490,1
532,303,1
533,480,1
534,275,1
534,326,1
534,507,1
535,429,1
536,436,1
537,353,1
538,507,1
539,436,1
540,428,1
541,318,1
541,472,1
542,122,2
542,166,1
542,219,1
542,432,2
542,448,1
542,581,1
542,661,1
543,288,1
543,313,1
543,432,2
543,469,1
544,436,1
544,542,1
544,581,1
545,245,1
545,409,1
545,436,1
545,448,1
545,510,1
546,279,1
546,549,1
546,550,1
546,560,1
547,144,1
547,172,1
547,289,1
547,368,1
547,468,1
547,468,1
548,438,1
548,442,1
548,578,1
549,465,2
550,465,1
550,35,1
550,210,1
550,246,1
550,436,1
550,502,1
551,278,1
551,338,1
551,418,1
551,523,1
551,546,1
551,580,1
552,398,1
552,429,1
553,317,1
554,218,1
554,303,1
554,400,1
554,414,1
555,268,1
555,313,1
555,585,1
555,612,1
555,635,1
556,162,1
556,202,1
556,266,1
556,317,1
556,361,1
557,514,1
557,516,1
558,295,1
558,334,1
559,442,1
559,448,1
559,520,1
559,599,1
560,304,1
560,448,1
560,478,1
560,520,1
560,600,1
561,293,1
561,410,1
561,448,3
561,482,1
562,109,1
562,378,1
562,448,2
562,563,1
562,597,1
563,372,1
563,378,1
563,409,1
563,519,1
563,566,1
563,586,1
564,478,1
564,482,3
564,526,1
564,626,1
565,318,1
565,445,1
565,451,1
565,482,1
565,564,1
565,565,1
565,607,1
565,643,1
566,445,1
566,448,2
566,593,1
567,602,1
568,260,1
568,448,1
569,484,1
569,493,1
569,645,1
569,645,1
570,448,1
570,627,1
571,139,1
571,600,1
572,339,1
572,452,1
572,494,1
573,419,1
574,310,1
574,451,1
575,387,1
575,440,1
576,440,1
577,287,1
577,515,1
578,313,1
578,529,1
578,579,1
578,636,1
579,67,1
580,322,1
580,436,2
581,207,1
581,318,4
581,398,1
581,434,1
581,436,2
581,455,1
581,546,1
582,175,1
582,470,1
582,582,1
583,363,1
583,440,3
584,294,1
584,422,1
584,448,1
584,511,1
584,616,1
584,617,1
585,285,1
585,341,1
585,613,1
586,93,1
586,160,1
586,178,1
586,274,1
586,302,1
586,353,1
586,590,1
587,67,1
587,473,1
588,315,1
588,316,1
588,457,1
588,477,1
588,584,1
588,657,1
589,435,1
589,589,1
589,612,1
589,643,1
590,214,1
590,588,1
591,289,1
591,402,1
591,483,1
591,609,1
592,333,1
592,407,1
593,132,1
593,201,1
593,596,1
593,613,1
594,448,2
594,527,1
594,584,1
595,373,1
595,440,1
595,448,3
595,478,1
596,481,2
596,517,1
596,560,1
596,593,1
597,120,1
597,268,1
597,672,1
598,593,1
599,403,1
599,445,2
599,448,2
599,571,1
600,130,1
600,366,1
600,405,1
600,445,1
600,477,1
600,621,1
601,602,1
602,297,1
602,476,1
602,561,1
602,601,1
602,625,1
603,266,1
603,364,1
603,378,1
603,448,1
603,569,1
604,416,1
604,457,1
604,630,1
605,274,1
605,451,1
606,487,1
607,173,1
608,399,1
609,272,1
609,335,1
609,502,1
609,541,1
609,542,1
610,404,1
611,432,1
612,279,1
612,286,1
612,363,1
612,448,1
612,477,1
612,479,1
612,549,1
612,555,1
613,616,1
614,545,1
614,589,1
615,617,1
616,503,1
616,507,1
616,542,1
616,584,1
616,587,1
616,663,1
617,258,1
617,368,1
617,399,1
617,550,1
617,586,1
617,588,1
618,445,1
618,562,1
619,339,1
619,445,2
620,417,1
620,452,1
620,479,1
621,402,1
621,409,1
621,524,1
621,524,1
622,373,1
622,402,1
622,478,1
622,481,1
622,621,1
622,654,1
623,209,1
623,404,1
623,411,1
623,445,1
623,477,1
623,481,1
623,622,1
623,666,1
624,440,1
624,445,2
624,621,1
625,440,2
625,445,1
625,448,1
626,647,1
627,304,1
627,339,1
627,448,1
628,268,1
628,448,1
629,410,1
629,448,1
630,411,1
631,275,1
631,330,1
631,484,1
631,484,1
631,631,1
632,548,1
633,543,1
634,438,1
635,549,1
636,508,1
637,676,1
638,445,1
639,479,2
639,520,1
640,622,1
641,303,1
642,71,1
643,405,1
643,491,1
643,506,1
643,644,1
644,77,1
644,123,1
644,405,3
644,409,1
644,446,1
644,523,1
644,623,1
645,272,1
645,298,1
645,623,1
645,669,1
646,335,1
647,145,1
647,626,1
648,477,1
649,268,1
649,410,1
649,411,1
649,481,1
650,410,1
650,492,1
651,355,1
652,234,1
653,256,1
653,479,1
653,639,1
654,341,1
654,405,3
654,621,1
655,402,1
655,440,2
656,405,1
656,440,1
656,624,1
657,268,1
657,488,1
657,523,1
657,599,1
657,616,1
657,657,1
658,666,1
659,522,1
659,658,1
660,409,1
661,474,1
662,368,1
663,402,1
663,519,1
664,59,1
665,57,1
665,322,1
665,362,1
665,365,1
666,265,1
666,337,1
666,408,1
666,435,1
666,448,1
666,485,1
666,510,1
666,623,1
667,373,1
667,379,1
667,519,1
668,644,1
669,487,1
670,452,1
671,402,2
671,671,1
672,479,1
672,526,1
673,289,1
674,564,1
675,268,1
676,675,1